msan,dt,total
CBJ,1/3/2014,2702
PUJ,1/3/2014,2622
PUJ1,1/3/2014,7
SKT,1/3/2014,757
CBJ,1/4/2014,1592
CBJ,1/4/2014,2225
PUJ,1/4/2014,2956
PUJ,1/4/2014,1626
PUJ1,1/4/2014,11
PUJ1,1/4/2014,4
SKT,1/4/2014,952
SKT,1/4/2014,480
CBJ,1/5/2014,2162
PUJ,1/5/2014,2561
PUJ1,1/5/2014,8
SKT,1/5/2014,980
CBJ,1/7/2014,2597
PUJ,1/7/2014,3621
PUJ1,1/7/2014,11
SKT,1/7/2014,1143
CBJ,1/8/2014,2236
PUJ,1/8/2014,2993
PUJ1,1/8/2014,19
SKT,1/8/2014,855
CBJ,1/9/2014,2423
PUJ,1/9/2014,2752
PUJ1,1/9/2014,14
SKT,1/9/2014,1015
CBJ,1/10/2014,8672
PUJ,1/10/2014,2875
PUJ1,1/10/2014,16
SKT,1/10/2014,1577
CBJ,1/11/2014,2073
PUJ,1/11/2014,3219
PUJ1,1/11/2014,46
SKT,1/11/2014,1016
CBJ,1/12/2014,2249
PUJ,1/12/2014,3038
PUJ1,1/12/2014,11
SKT,1/12/2014,1140
CBJ,1/13/2014,2258
PUJ,1/13/2014,2994
PUJ1,1/13/2014,11
SKT,1/13/2014,934
CBJ,1/14/2014,2164
PUJ,1/14/2014,2919
PUJ1,1/14/2014,9
SKT,1/14/2014,877
CBJ,1/15/2014,2652
PUJ,1/15/2014,2921
PUJ1,1/15/2014,9
SKT,1/15/2014,874
CBJ,1/17/2014,6221
PUJ,1/17/2014,3079
PUJ1,1/17/2014,13
SKT,1/17/2014,984
CBJ,1/18/2014,2246
PUJ,1/18/2014,2829
PUJ1,1/18/2014,15
SKT,1/18/2014,851
CBJ,1/19/2014,2011
PUJ,1/19/2014,2510
PUJ1,1/19/2014,11
SKT,1/19/2014,737
CBJ,1/20/2014,2491
PUJ,1/20/2014,2495
PUJ1,1/20/2014,19
SKT,1/20/2014,837
CBJ,1/21/2014,3209
PUJ,1/21/2014,2947
PUJ1,1/21/2014,22
SKT,1/21/2014,844
CBJ,1/22/2014,3451
PUJ,1/22/2014,2951
PUJ1,1/22/2014,18
SKT,1/22/2014,858
CBJ,1/23/2014,2395
PUJ,1/23/2014,2834
PUJ1,1/23/2014,20
SKT,1/23/2014,825
CBJ,1/24/2014,2473
KLIA,1/24/2014,2
PUJ,1/24/2014,3002
PUJ1,1/24/2014,21
SKT,1/24/2014,948
CBJ,1/25/2014,2096
KLIA,1/25/2014,2
PUJ,1/25/2014,2884
PUJ1,1/25/2014,20
SKT,1/25/2014,779
CBJ,1/26/2014,2091
PUJ,1/26/2014,2861
PUJ1,1/26/2014,16
SKT,1/26/2014,890
CBJ,1/28/2014,1919
PUJ,1/28/2014,2937
PUJ1,1/28/2014,24
SKT,1/28/2014,1047
CBJ,1/29/2014,1640
CBJ,1/29/2014,2272
CBJ,1/29/2014,2156
CBJ,1/29/2014,1981
PUJ,1/29/2014,2794
PUJ,1/29/2014,2948
PUJ,1/29/2014,2941
PUJ,1/29/2014,2777
PUJ1,1/29/2014,25
PUJ1,1/29/2014,9
PUJ1,1/29/2014,8
PUJ1,1/29/2014,16
SKT,1/29/2014,958
SKT,1/29/2014,947
SKT,1/29/2014,865
SKT,1/29/2014,913
CBJ,2/1/2014,1459
PUJ,2/1/2014,2705
PUJ1,2/1/2014,14
SKT,2/1/2014,951
CBJ,2/2/2014,1227
PUJ,2/2/2014,2047
PUJ1,2/2/2014,12
SKT,2/2/2014,731
CBJ,2/3/2014,1552
PUJ,2/3/2014,1947
PUJ1,2/3/2014,17
SKT,2/3/2014,786
CBJ,2/4/2014,1690
CBJ,2/4/2014,1861
CBJ,2/4/2014,1534
KLIA,2/4/2014,4
PUJ,2/4/2014,2387
PUJ,2/4/2014,2968
PUJ,2/4/2014,3055
PUJ1,2/4/2014,9
PUJ1,2/4/2014,31
PUJ1,2/4/2014,17
SKT,2/4/2014,979
SKT,2/4/2014,901
SKT,2/4/2014,996
CBJ,2/5/2014,1953
PUJ,2/5/2014,3576
PUJ1,2/5/2014,26
SKT,2/5/2014,821
CBJ,2/7/2014,4504
PUJ,2/7/2014,2787
PUJ1,2/7/2014,25
SKT,2/7/2014,857
CBJ,2/8/2014,2356
PUJ,2/8/2014,3085
PUJ1,2/8/2014,20
SKT,2/8/2014,895
CBJ,2/10/2014,2508
PUJ,2/10/2014,2788
PUJ1,2/10/2014,18
SKT,2/10/2014,848
CBJ,2/13/2014,2269
PUJ,2/13/2014,2948
PUJ1,2/13/2014,16
SKT,2/13/2014,972
CBJ,2/14/2014,2105
PUJ,2/14/2014,4322
PUJ1,2/14/2014,21
SKT,2/14/2014,908
CBJ,2/15/2014,2005
PUJ,2/15/2014,3333
PUJ1,2/15/2014,10
SKT,2/15/2014,828
CBJ,2/16/2014,2269
PUJ,2/16/2014,3032
PUJ1,2/16/2014,7
SKT,2/16/2014,918
CBJ,2/17/2014,2373
PUJ,2/17/2014,2682
SKT,2/17/2014,844
CBJ,2/18/2014,2453
PUJ,2/18/2014,2865
PUJ1,2/18/2014,3
SKT,2/18/2014,846
CBJ,2/19/2014,2389
PUJ,2/19/2014,3182
SKT,2/19/2014,938
CBJ,2/20/2014,2371
PUJ,2/20/2014,3155
SKT,2/20/2014,985
CBJ,2/21/2014,2254
PUJ,2/21/2014,3007
PUJ1,2/21/2014,1
SKT,2/21/2014,959
CBJ,2/22/2014,2529
PUJ,2/22/2014,3087
PUJ1,2/22/2014,2
SKT,2/22/2014,936
CBJ,2/23/2014,3622
PUJ,2/23/2014,2735
PUJ1,2/23/2014,2
SKT,2/23/2014,982
CBJ,2/24/2014,2291
PUJ,2/24/2014,2887
PUJ1,2/24/2014,1
SKT,2/24/2014,996
CBJ,2/25/2014,2146
PUJ,2/25/2014,2954
PUJ1,2/25/2014,1
SKT,2/25/2014,958
CBJ,2/26/2014,2042
PUJ,2/26/2014,3019
SKT,2/26/2014,1189
CBJ,2/27/2014,2541
PUJ,2/27/2014,2859
PUJ1,2/27/2014,2
SKT,2/27/2014,937
CBJ,2/28/2014,1971
PUJ,2/28/2014,2804
SKT,2/28/2014,956
CBJ,3/1/2014,2000
PUJ,3/1/2014,3193
PUJ1,3/1/2014,1
SKT,3/1/2014,1050
CBJ,3/3/2014,2033
PUJ,3/3/2014,2788
SKT,3/3/2014,1010
CBJ,3/4/2014,2174
CBJ,3/4/2014,2154
CBJ,3/4/2014,2107
CBJ,3/4/2014,2790
CBJ,3/4/2014,2576
CBJ,3/4/2014,2304
PUJ,3/4/2014,2972
PUJ,3/4/2014,3074
PUJ,3/4/2014,3103
PUJ,3/4/2014,2649
PUJ,3/4/2014,2778
PUJ,3/4/2014,2910
PUJ1,3/4/2014,1
PUJ1,3/4/2014,19
PUJ1,3/4/2014,13
PUJ1,3/4/2014,21
PUJ1,3/4/2014,12
SKT,3/4/2014,838
SKT,3/4/2014,1071
SKT,3/4/2014,897
SKT,3/4/2014,847
SKT,3/4/2014,991
SKT,3/4/2014,983
CBJ,3/5/2014,2211
PUJ,3/5/2014,3123
SKT,3/5/2014,964
CBJ,3/6/2014,2360
PUJ,3/6/2014,3036
SKT,3/6/2014,967
CBJ,3/7/2014,2626
PUJ,3/7/2014,3220
SKT,3/7/2014,980
CBJ,3/9/2014,1767
PUJ,3/9/2014,3402
PUJ1,3/9/2014,1
SKT,3/9/2014,886
CBJ,3/10/2014,1796
PUJ,3/10/2014,3089
SKT,3/10/2014,873
CBJ,3/11/2014,1912
PUJ,3/11/2014,3090
SKT,3/11/2014,955
CBJ,3/12/2014,9711
PUJ,3/12/2014,4290
SKT,3/12/2014,1234
CBJ,3/13/2014,1698
PUJ,3/13/2014,2972
SKT,3/13/2014,1124
CBJ,3/18/2014,2152
PUJ,3/18/2014,2947
SKT,3/18/2014,930
CBJ,3/19/2014,1989
PUJ,3/19/2014,3219
SKT,3/19/2014,1051
CBJ,3/20/2014,2238
PUJ,3/20/2014,3233
SKT,3/20/2014,981
CBJ,3/23/2014,2161
PUJ,3/23/2014,3184
SKT,3/23/2014,1084
CBJ,3/26/2014,2204
PUJ,3/26/2014,4967
PUJ1,3/26/2014,1
SKT,3/26/2014,923
CBJ,3/31/2014,1945
PUJ,3/31/2014,3129
SKT,3/31/2014,922
CBJ,4/1/2014,2244
PUJ,4/1/2014,3424
SKT,4/1/2014,978
CBJ,4/2/2014,1880
CBJ,4/2/2014,2932
CBJ,4/2/2014,2372
CBJ,4/2/2014,1849
CBJ,4/2/2014,1710
CBJ,4/2/2014,2059
CBJ,4/2/2014,1979
CBJ,4/2/2014,1840
CBJ,4/2/2014,1875
CBJ,4/2/2014,1983
CBJ,4/2/2014,1944
CBJ,4/2/2014,1941
CBJ,4/2/2014,2255
CBJ,4/2/2014,1711
KLIA,4/2/2014,3
PUJ,4/2/2014,3259
PUJ,4/2/2014,4246
PUJ,4/2/2014,2939
PUJ,4/2/2014,3015
PUJ,4/2/2014,3327
PUJ,4/2/2014,2860
PUJ,4/2/2014,3229
PUJ,4/2/2014,3218
PUJ,4/2/2014,3269
PUJ,4/2/2014,3025
PUJ,4/2/2014,2874
PUJ,4/2/2014,2717
PUJ,4/2/2014,3212
PUJ,4/2/2014,2716
PUJ1,4/2/2014,1
PUJ1,4/2/2014,2
PUJ1,4/2/2014,2
SKT,4/2/2014,942
SKT,4/2/2014,1000
SKT,4/2/2014,1026
SKT,4/2/2014,988
SKT,4/2/2014,991
SKT,4/2/2014,972
SKT,4/2/2014,1015
SKT,4/2/2014,1132
SKT,4/2/2014,1402
SKT,4/2/2014,917
SKT,4/2/2014,901
SKT,4/2/2014,917
SKT,4/2/2014,879
SKT,4/2/2014,1056
CBJ,4/3/2014,2144
PUJ,4/3/2014,3167
SKT,4/3/2014,916
CBJ,4/4/2014,2194
PUJ,4/4/2014,3068
SKT,4/4/2014,1042
CBJ,4/5/2014,2139
PUJ,4/5/2014,4890
SKT,4/5/2014,962
CBJ,4/6/2014,1814
PUJ,4/6/2014,3164
SKT,4/6/2014,947
CBJ,4/7/2014,1908
PUJ,4/7/2014,2902
SKT,4/7/2014,884
CBJ,4/8/2014,2016
PUJ,4/8/2014,3020
SKT,4/8/2014,965
CBJ,4/9/2014,1982
PUJ,4/9/2014,3041
SKT,4/9/2014,97294
CBJ,4/10/2014,2011
PUJ,4/10/2014,3903
SKT,4/10/2014,2722
CBJ,4/12/2014,2115
PUJ,4/12/2014,11003
SKT,4/12/2014,1722
CBJ,4/13/2014,2406
PUJ,4/13/2014,3284
SKT,4/13/2014,1306
CBJ,4/14/2014,1985
PUJ,4/14/2014,3151
SKT,4/14/2014,904
CBJ,4/15/2014,2759
PUJ,4/15/2014,3856
SKT,4/15/2014,1593
CBJ,4/20/2014,2049
PUJ,4/20/2014,3171
SKT,4/20/2014,911
CBJ,4/21/2014,2135
PUJ,4/21/2014,3733
SKT,4/21/2014,917
CBJ,4/22/2014,2420
PUJ,4/22/2014,3319
SKT,4/22/2014,898
CBJ,4/23/2014,2221
PUJ,4/23/2014,3889
SKT,4/23/2014,1078
CBJ,4/25/2014,2094
PUJ,4/25/2014,2895
SKT,4/25/2014,967
CBJ,4/27/2014,2330
PUJ,4/27/2014,3077
SKT,4/27/2014,1344
CBJ,4/30/2014,2071
PUJ,4/30/2014,3178
SKT,4/30/2014,861
CBJ,5/1/2014,2235
PUJ,5/1/2014,3575
SKT,5/1/2014,887
CBJ,5/2/2014,2068
PUJ,5/2/2014,3428
SKT,5/2/2014,865
CBJ,5/3/2014,2140
PUJ,5/3/2014,3464
SKT,5/3/2014,1780
CBJ,5/4/2014,2106
PUJ,5/4/2014,3605
SKT,5/4/2014,994
CBJ,5/5/2014,2033
CBJ,5/5/2014,2085
CBJ,5/5/2014,2239
CBJ,5/5/2014,2173
CBJ,5/5/2014,2922
CBJ,5/5/2014,2590
CBJ,5/5/2014,2105
CBJ,5/5/2014,2278
CBJ,5/5/2014,1968
CBJ,5/5/2014,2299
PUJ,5/5/2014,3132
PUJ,5/5/2014,3391
PUJ,5/5/2014,7178
PUJ,5/5/2014,3774
PUJ,5/5/2014,3222
PUJ,5/5/2014,2958
PUJ,5/5/2014,3044
PUJ,5/5/2014,2954
PUJ,5/5/2014,3150
PUJ,5/5/2014,3339
SKT,5/5/2014,850
SKT,5/5/2014,892
SKT,5/5/2014,1492
SKT,5/5/2014,1037
SKT,5/5/2014,992
SKT,5/5/2014,937
SKT,5/5/2014,889
SKT,5/5/2014,974
SKT,5/5/2014,886
SKT,5/5/2014,934
CBJ,5/6/2014,2520
PUJ,5/6/2014,4742
SKT,5/6/2014,1763
CBJ,5/7/2014,2901
PUJ,5/7/2014,3236
SKT,5/7/2014,946
CBJ,5/8/2014,3108
PUJ,5/8/2014,3533
SKT,5/8/2014,1004
CBJ,5/9/2014,2496
PUJ,5/9/2014,3600
SKT,5/9/2014,1027
CBJ,5/10/2014,2131
PUJ,5/10/2014,3882
SKT,5/10/2014,1103
CBJ,5/11/2014,2329
PUJ,5/11/2014,3173
SKT,5/11/2014,1009
CBJ,5/12/2014,1934
PUJ,5/12/2014,2930
SKT,5/12/2014,907
CBJ,5/13/2014,1908
PUJ,5/13/2014,3071
SKT,5/13/2014,909
CBJ,5/14/2014,2040
PUJ,5/14/2014,2781
SKT,5/14/2014,1059
CBJ,5/15/2014,2148
PUJ,5/15/2014,3480
SKT,5/15/2014,1486
CBJ,5/16/2014,2335
PUJ,5/16/2014,3274
SKT,5/16/2014,1071
CBJ,5/17/2014,1896
PUJ,5/17/2014,3145
SKT,5/17/2014,934
CBJ,5/18/2014,1962
PUJ,5/18/2014,3121
SKT,5/18/2014,992
CBJ,5/19/2014,1872
PUJ,5/19/2014,3014
SKT,5/19/2014,918
CBJ,5/20/2014,1988
PUJ,5/20/2014,3134
SKT,5/20/2014,1646
CBJ,5/21/2014,1939
PUJ,5/21/2014,3363
SKT,5/21/2014,1335
CBJ,5/22/2014,2078
PUJ,5/22/2014,3246
SKT,5/22/2014,989
CBJ,5/24/2014,2232
PUJ,5/24/2014,3293
SKT,5/24/2014,1058
CBJ,5/25/2014,2136
PUJ,5/25/2014,2987
SKT,5/25/2014,1012
CBJ,5/27/2014,2315
PUJ,5/27/2014,3030
SKT,5/27/2014,1194
CBJ,5/28/2014,1868
PUJ,5/28/2014,3011
SKT,5/28/2014,1549
CBJ,5/29/2014,1999
PUJ,5/29/2014,3189
SKT,5/29/2014,1313
CBJ,5/30/2014,1981
PUJ,5/30/2014,3145
SKT,5/30/2014,986
CBJ,5/31/2014,1958
PUJ,5/31/2014,3137
SKT,5/31/2014,2534
CBJ,6/1/2014,1892
PUJ,6/1/2014,2844
SKT,6/1/2014,911
CBJ,6/2/2014,3286
CBJ,6/2/2014,1926
CBJ,6/2/2014,2035
PUJ,6/2/2014,2913
PUJ,6/2/2014,2740
PUJ,6/2/2014,2388
SKT,6/2/2014,916
SKT,6/2/2014,788
SKT,6/2/2014,928
CBJ,6/3/2014,1947
PUJ,6/3/2014,3081
SKT,6/3/2014,965
CBJ,6/4/2014,1947
PUJ,6/4/2014,3028
SKT,6/4/2014,908
CBJ,6/5/2014,2130
PUJ,6/5/2014,3486
SKT,6/5/2014,1081
CBJ,6/6/2014,2797
PUJ,6/6/2014,3307
SKT,6/6/2014,929
CBJ,6/7/2014,2091
PUJ,6/7/2014,3096
SKT,6/7/2014,941
CBJ,6/8/2014,1960
PUJ,6/8/2014,2532
SKT,6/8/2014,897
CBJ,6/11/2014,2128
PUJ,6/11/2014,3511
SKT,6/11/2014,900
CBJ,6/12/2014,2316
PUJ,6/12/2014,2955
SKT,6/12/2014,1029
CBJ,6/13/2014,2364
PUJ,6/13/2014,2862
SKT,6/13/2014,849
CBJ,6/14/2014,2084
PUJ,6/14/2014,2936
SKT,6/14/2014,938
CBJ,6/15/2014,1956
PUJ,6/15/2014,2756
SKT,6/15/2014,926
CBJ,6/16/2014,1872
PUJ,6/16/2014,3194
SKT,6/16/2014,814
CBJ,6/17/2014,2124
PUJ,6/17/2014,3801
SKT,6/17/2014,887
CBJ,6/18/2014,2290
PUJ,6/18/2014,3500
SKT,6/18/2014,846
CBJ,6/19/2014,2333
PUJ,6/19/2014,3280
SKT,6/19/2014,871
CBJ,6/26/2014,2038
PUJ,6/26/2014,3231
SKT,6/26/2014,851
CBJ,6/27/2014,1962
PUJ,6/27/2014,3433
SKT,6/27/2014,1047
CBJ,6/28/2014,2066
PUJ,6/28/2014,3714
SKT,6/28/2014,889
CBJ,6/29/2014,2050
PUJ,6/29/2014,2963
SKT,6/29/2014,882
CBJ,6/30/2014,1965
PUJ,6/30/2014,2572
SKT,6/30/2014,856
CBJ,7/1/2014,2452
CBJ,7/1/2014,2176
CBJ,7/1/2014,2177
CBJ,7/1/2014,2400
CBJ,7/1/2014,2566
CBJ,7/1/2014,2294
CBJ,7/1/2014,2232
CBJ,7/1/2014,2053
PUJ,7/1/2014,2921
PUJ,7/1/2014,3539
PUJ,7/1/2014,3014
PUJ,7/1/2014,3125
PUJ,7/1/2014,3246
PUJ,7/1/2014,2938
PUJ,7/1/2014,2408
PUJ,7/1/2014,3115
SKT,7/1/2014,747
SKT,7/1/2014,4128
SKT,7/1/2014,1169
SKT,7/1/2014,1890
SKT,7/1/2014,871
SKT,7/1/2014,916
SKT,7/1/2014,926
SKT,7/1/2014,1380
CBJ,7/2/2014,2050
CBJ,7/2/2014,2031
PUJ,7/2/2014,3221
PUJ,7/2/2014,3141
SKT,7/2/2014,1004
SKT,7/2/2014,948
CBJ,7/3/2014,2312
PUJ,7/3/2014,3207
SKT,7/3/2014,839
CBJ,7/4/2014,2161
PUJ,7/4/2014,4775
SKT,7/4/2014,1068
CBJ,7/5/2014,2033
PUJ,7/5/2014,4538
SKT,7/5/2014,930
CBJ,7/6/2014,1967
PUJ,7/6/2014,3247
SKT,7/6/2014,878
CBJ,7/7/2014,1874
PUJ,7/7/2014,2817
SKT,7/7/2014,801
CBJ,7/8/2014,1985
PUJ,7/8/2014,3548
SKT,7/8/2014,911
CBJ,7/9/2014,2159
PUJ,7/9/2014,3341
SKT,7/9/2014,847
CBJ,7/10/2014,2068
PUJ,7/10/2014,3138
SKT,7/10/2014,896
CBJ,7/12/2014,2872
PUJ,7/12/2014,3432
SKT,7/12/2014,1166
CBJ,7/13/2014,2122
PUJ,7/13/2014,3068
SKT,7/13/2014,898
CBJ,7/14/2014,1779
PUJ,7/14/2014,2678
SKT,7/14/2014,810
CBJ,7/15/2014,1904
PUJ,7/15/2014,2772
SKT,7/15/2014,1077
CBJ,7/16/2014,1871
PUJ,7/16/2014,2953
SKT,7/16/2014,1021
CBJ,7/17/2014,2125
PUJ,7/17/2014,3147
SKT,7/17/2014,918
CBJ,7/18/2014,2431
PUJ,7/18/2014,3084
SKT,7/18/2014,1095
CBJ,7/20/2014,2035
PUJ,7/20/2014,2916
SKT,7/20/2014,944
CBJ,7/22/2014,3808
PUJ,7/22/2014,4839
SKT,7/22/2014,1959
CBJ,7/23/2014,2891
PUJ,7/23/2014,3331
SKT,7/23/2014,947
CBJ,7/24/2014,1876
PUJ,7/24/2014,3300
SKT,7/24/2014,975
CBJ,7/26/2014,2223
PUJ,7/26/2014,3706
SKT,7/26/2014,1006
CBJ,7/27/2014,2169
PUJ,7/27/2014,3126
SKT,7/27/2014,2601
CBJ,7/29/2014,1146
PUJ,7/29/2014,981
SKT,7/29/2014,2762
CBJ,7/30/2014,1243
PUJ,7/30/2014,888
SKT,7/30/2014,2020
CBJ,7/31/2014,1305
PUJ,7/31/2014,1134
SKT,7/31/2014,2973
CBJ,8/1/2014,1254
PUJ,8/1/2014,1455
SKT,8/1/2014,1927
CBJ,8/2/2014,1458
PUJ,8/2/2014,1728
SKT,8/2/2014,3157
CBJ,8/4/2014,1997
CBJ,8/4/2014,1912
CBJ,8/4/2014,2090
CBJ,8/4/2014,1842
CBJ,8/4/2014,1591
CBJ,8/4/2014,1755
PUJ,8/4/2014,2684
PUJ,8/4/2014,2772
PUJ,8/4/2014,3489
PUJ,8/4/2014,2264
PUJ,8/4/2014,3106
PUJ,8/4/2014,3414
SKT,8/4/2014,857
SKT,8/4/2014,2412
SKT,8/4/2014,992
SKT,8/4/2014,990
SKT,8/4/2014,885
SKT,8/4/2014,885
CBJ,8/5/2014,1901
PUJ,8/5/2014,3030
SKT,8/5/2014,859
CBJ,8/6/2014,2374
PUJ,8/6/2014,3038
SKT,8/6/2014,949
CBJ,8/7/2014,2017
PUJ,8/7/2014,3393
SKT,8/7/2014,927
CBJ,8/8/2014,1838
PUJ,8/8/2014,3279
SKT,8/8/2014,818
CBJ,8/9/2014,2526
PUJ,8/9/2014,3413
SKT,8/9/2014,865
CBJ,8/10/2014,1842
PUJ,8/10/2014,3189
SKT,8/10/2014,1005
CBJ,8/11/2014,2264
PUJ,8/11/2014,3788
SKT,8/11/2014,1418
CBJ,8/12/2014,2709
PUJ,8/12/2014,3380
SKT,8/12/2014,1311
CBJ,8/13/2014,2491
PUJ,8/13/2014,3438
SKT,8/13/2014,2584
CBJ,8/14/2014,2220
PUJ,8/14/2014,3205
SKT,8/14/2014,3858
CBJ,8/15/2014,2002
PUJ,8/15/2014,3273
SKT,8/15/2014,1292
CBJ,8/16/2014,2096
PUJ,8/16/2014,3338
SKT,8/16/2014,4219
CBJ,8/17/2014,1957
PUJ,8/17/2014,3593
SKT,8/17/2014,2679
CBJ,8/18/2014,1928
PUJ,8/18/2014,3757
SKT,8/18/2014,1150
CBJ,8/19/2014,2115
PUJ,8/19/2014,3824
SKT,8/19/2014,947
CBJ,8/20/2014,2786
PUJ,8/20/2014,3365
SKT,8/20/2014,888
CBJ,8/22/2014,2666
PUJ,8/22/2014,3216
SKT,8/22/2014,1054
CBJ,8/23/2014,1996
PUJ,8/23/2014,3052
SKT,8/23/2014,1083
CBJ,8/24/2014,2854
PUJ,8/24/2014,3249
SKT,8/24/2014,1221
CBJ,8/25/2014,2098
PUJ,8/25/2014,2899
SKT,8/25/2014,904
CBJ,8/26/2014,2007
PUJ,8/26/2014,2987
SKT,8/26/2014,938
CBJ,9/2/2014,1837
CBJ,9/2/2014,1896
CBJ,9/2/2014,3029
CBJ,9/2/2014,3958
CBJ,9/2/2014,2365
CBJ,9/2/2014,1590
CBJ,9/2/2014,1827
CBJ,9/2/2014,1911
CBJ,9/2/2014,1840
PUJ,9/2/2014,2797
PUJ,9/2/2014,2218
PUJ,9/2/2014,2467
PUJ,9/2/2014,3286
PUJ,9/2/2014,2896
PUJ,9/2/2014,3155
PUJ,9/2/2014,3007
PUJ,9/2/2014,2927
PUJ,9/2/2014,3109
SKT,9/2/2014,905
SKT,9/2/2014,986
SKT,9/2/2014,9703
SKT,9/2/2014,2885
SKT,9/2/2014,2277
SKT,9/2/2014,900
SKT,9/2/2014,4219
SKT,9/2/2014,698
SKT,9/2/2014,3483
CBJ,9/4/2014,1851
PUJ,9/4/2014,3065
SKT,9/4/2014,3694
CBJ,9/5/2014,1852
PUJ,9/5/2014,2999
SKT,9/5/2014,3895
CBJ,9/7/2014,2032
PUJ,9/7/2014,2855
SKT,9/7/2014,2726
CBJ,9/8/2014,2619
PUJ,9/8/2014,2831
SKT,9/8/2014,3684
CBJ,9/9/2014,2134
PUJ,9/9/2014,2958
SKT,9/9/2014,3720
CBJ,9/10/2014,2852
PUJ,9/10/2014,4048
SKT,9/10/2014,3573
CBJ,9/11/2014,1985
PUJ,9/11/2014,2808
SKT,9/11/2014,3623
CBJ,9/12/2014,2361
PUJ,9/12/2014,4891
SKT,9/12/2014,4457
CBJ,9/13/2014,1940
PUJ,9/13/2014,8175
SKT,9/13/2014,4006
CBJ,9/26/2014,2503
PUJ,9/26/2014,3027
SKT,9/26/2014,911
CBJ,9/27/2014,2023
PUJ,9/27/2014,3108
SKT,9/27/2014,1104
CBJ,9/28/2014,1918
PUJ,9/28/2014,2851
SKT,9/28/2014,1169
CBJ,9/29/2014,1920
PUJ,9/29/2014,2735
SKT,9/29/2014,1421
CBJ,9/30/2014,1845
PUJ,9/30/2014,2934
SKT,9/30/2014,886
CBJ,10/1/2014,2019
CBJ,10/1/2014,2608
CBJ,10/1/2014,1940
CBJ,10/1/2014,2299
CBJ,10/1/2014,2395
CBJ,10/1/2014,2255
CBJ,10/1/2014,1893
CBJ,10/1/2014,2417
CBJ,10/1/2014,1886
CBJ,10/1/2014,1975
CBJ,10/1/2014,3009
CBJ,10/1/2014,2788
PUJ,10/1/2014,2834
PUJ,10/1/2014,3063
PUJ,10/1/2014,2865
PUJ,10/1/2014,4876
PUJ,10/1/2014,3003
PUJ,10/1/2014,2705
PUJ,10/1/2014,4670
PUJ,10/1/2014,2971
PUJ,10/1/2014,3081
PUJ,10/1/2014,3016
PUJ,10/1/2014,3157
PUJ,10/1/2014,3121
SKT,10/1/2014,1106
SKT,10/1/2014,4648
SKT,10/1/2014,3788
SKT,10/1/2014,972
SKT,10/1/2014,1054
SKT,10/1/2014,901
SKT,10/1/2014,875
SKT,10/1/2014,1596
SKT,10/1/2014,1206
SKT,10/1/2014,1140
SKT,10/1/2014,1208
SKT,10/1/2014,1467
CBJ,10/2/2014,3253
PUJ,10/2/2014,3016
SKT,10/2/2014,1049
CBJ,10/3/2014,3837
CBJ,10/3/2014,1979
PUJ,10/3/2014,4256
PUJ,10/3/2014,3295
SKT,10/3/2014,1139
SKT,10/3/2014,1592
CBJ,10/4/2014,2078
PUJ,10/4/2014,3622
SKT,10/4/2014,1657
CBJ,10/6/2014,1485
PUJ,10/6/2014,1656
SKT,10/6/2014,786
CBJ,10/7/2014,1556
PUJ,10/7/2014,2008
SKT,10/7/2014,712
CBJ,10/8/2014,1850
PUJ,10/8/2014,3109
SKT,10/8/2014,890
CBJ,10/9/2014,1930
PUJ,10/9/2014,2859
SKT,10/9/2014,820
CBJ,10/10/2014,2097
PUJ,10/10/2014,3022
SKT,10/10/2014,845
CBJ,10/11/2014,1872
PUJ,10/11/2014,3114
SKT,10/11/2014,899
CBJ,10/12/2014,2434
PUJ,10/12/2014,2833
SKT,10/12/2014,891
CBJ,10/13/2014,2256
PUJ,10/13/2014,2886
SKT,10/13/2014,899
CBJ,10/14/2014,2583
PUJ,10/14/2014,3165
SKT,10/14/2014,1520
CBJ,10/15/2014,1921
PUJ,10/15/2014,3142
SKT,10/15/2014,880
CBJ,10/16/2014,1859
CBJ,10/16/2014,2304
CBJ,10/16/2014,3265
CBJ,10/16/2014,1886
PUJ,10/16/2014,3155
PUJ,10/16/2014,3251
PUJ,10/16/2014,3225
PUJ,10/16/2014,3209
SKT,10/16/2014,4787
SKT,10/16/2014,1017
SKT,10/16/2014,929
SKT,10/16/2014,1367
CBJ,10/17/2014,1974
PUJ,10/17/2014,3447
SKT,10/17/2014,1428
CBJ,10/18/2014,2023
PUJ,10/18/2014,3168
SKT,10/18/2014,1792
CBJ,10/19/2014,2255
PUJ,10/19/2014,3169
SKT,10/19/2014,1019
CBJ,10/20/2014,2031
PUJ,10/20/2014,2789
SKT,10/20/2014,865
CBJ,10/21/2014,2459
PUJ,10/21/2014,3497
SKT,10/21/2014,885
CBJ,10/22/2014,2109
PUJ,10/22/2014,2988
SKT,10/22/2014,1041
CBJ,10/23/2014,2073
PUJ,10/23/2014,3250
SKT,10/23/2014,2060
CBJ,10/24/2014,2542
PUJ,10/24/2014,2971
SKT,10/24/2014,946
CBJ,10/25/2014,2180
PUJ,10/25/2014,5734
SKT,10/25/2014,1154
CBJ,10/26/2014,2021
PUJ,10/26/2014,3188
SKT,10/26/2014,848
CBJ,10/27/2014,1959
PUJ,10/27/2014,2830
SKT,10/27/2014,998
CBJ,10/28/2014,2505
PUJ,10/28/2014,3501
SKT,10/28/2014,996
CBJ,10/29/2014,2779
PUJ,10/29/2014,3354
SKT,10/29/2014,1211
CBJ,10/30/2014,2719
PUJ,10/30/2014,3242
SKT,10/30/2014,1021
CBJ,10/31/2014,2032
PUJ,10/31/2014,3009
SKT,10/31/2014,1421
CBJ,11/1/2014,2319
PUJ,11/1/2014,3276
SKT,11/1/2014,901
CBJ,11/2/2014,1757
PUJ,11/2/2014,2841
SKT,11/2/2014,1119
CBJ,11/3/2014,2128
PUJ,11/3/2014,3030
SKT,11/3/2014,905
CBJ,11/4/2014,2396
PUJ,11/4/2014,3499
SKT,11/4/2014,924
CBJ,11/5/2014,2881
PUJ,11/5/2014,3074
SKT,11/5/2014,918
CBJ,11/6/2014,2702
KLIA,11/6/2014,2
PUJ,11/6/2014,5080
SKT,11/6/2014,1222
CBJ,11/7/2014,2200
PUJ,11/7/2014,3328
SKT,11/7/2014,2444
CBJ,11/8/2014,1994
PUJ,11/8/2014,3116
SKT,11/8/2014,1495
CBJ,11/9/2014,2989
PUJ,11/9/2014,2885
SKT,11/9/2014,1390
CBJ,11/10/2014,2321
PUJ,11/10/2014,2746
SKT,11/10/2014,1343
CBJ,11/11/2014,2567
PUJ,11/11/2014,5786
SKT,11/11/2014,1728
CBJ,11/17/2014,2210
PUJ,11/17/2014,3485
SKT,11/17/2014,1019
CBJ,11/24/2014,2682
PUJ,11/24/2014,5024
SKT,11/24/2014,1673
CBJ,11/25/2014,2285
PUJ,11/25/2014,4059
SKT,11/25/2014,1398
CBJ,11/26/2014,2208
PUJ,11/26/2014,3201
SKT,11/26/2014,1068
CBJ,11/27/2014,2036
PUJ,11/27/2014,3536
SKT,11/27/2014,1066
CBJ,11/28/2014,1973
PUJ,11/28/2014,3469
SKT,11/28/2014,1869
CBJ,11/29/2014,2239
PUJ,11/29/2014,3889
SKT,11/29/2014,1703
CBJ,11/30/2014,2383
PUJ,11/30/2014,4596
SKT,11/30/2014,2070
CBJ,12/1/2014,2031
PUJ,12/1/2014,3679
SKT,12/1/2014,958
CBJ,12/2/2014,2034
PUJ,12/2/2014,3243
SKT,12/2/2014,1086
CBJ,12/3/2014,2093
PUJ,12/3/2014,3760
SKT,12/3/2014,979
CBJ,12/4/2014,2009
PUJ,12/4/2014,4352
SKT,12/4/2014,921
CBJ,12/5/2014,1973
PUJ,12/5/2014,3227
SKT,12/5/2014,1084
CBJ,12/6/2014,2082
PUJ,12/6/2014,3847
SKT,12/6/2014,961
CBJ,12/7/2014,2215
PUJ,12/7/2014,3072
SKT,12/7/2014,1103
CBJ,12/8/2014,2578
PUJ,12/8/2014,2830
SKT,12/8/2014,1166
CBJ,12/9/2014,2642
PUJ,12/9/2014,3135
SKT,12/9/2014,948
CBJ,12/10/2014,2041
PUJ,12/10/2014,3107
SKT,12/10/2014,929
CBJ,12/13/2014,1905
PUJ,12/13/2014,3294
SKT,12/13/2014,1014
CBJ,12/14/2014,1978
PUJ,12/14/2014,3559
SKT,12/14/2014,1101
CBJ,12/15/2014,1987
PUJ,12/15/2014,3280
SKT,12/15/2014,1511
CBJ,12/16/2014,2181
PUJ,12/16/2014,4021
SKT,12/16/2014,1002
CBJ,12/17/2014,2109
PUJ,12/17/2014,3302
SKT,12/17/2014,957
CBJ,12/18/2014,2106
PUJ,12/18/2014,3339
SKT,12/18/2014,1295
CBJ,12/19/2014,2590
CBJ,12/19/2014,2073
CBJ,12/19/2014,3603
CBJ,12/19/2014,2238
CBJ,12/19/2014,2040
CBJ,12/19/2014,2179
CBJ,12/19/2014,2211
CBJ,12/19/2014,2341
CBJ,12/19/2014,2049
CBJ,12/19/2014,2657
CBJ,12/19/2014,3143
CBJ,12/19/2014,2415
PUJ,12/19/2014,3542
PUJ,12/19/2014,4028
PUJ,12/19/2014,3254
PUJ,12/19/2014,3730
PUJ,12/19/2014,3982
PUJ,12/19/2014,4201
PUJ,12/19/2014,3196
PUJ,12/19/2014,3320
PUJ,12/19/2014,5237
PUJ,12/19/2014,3335
PUJ,12/19/2014,3229
PUJ,12/19/2014,3213
SKT,12/19/2014,1229
SKT,12/19/2014,1858
SKT,12/19/2014,1027
SKT,12/19/2014,1234
SKT,12/19/2014,1175
SKT,12/19/2014,1689
SKT,12/19/2014,1019
SKT,12/19/2014,938
SKT,12/19/2014,940
SKT,12/19/2014,926
SKT,12/19/2014,945
SKT,12/19/2014,980
CBJ,12/20/2014,2135
PUJ,12/20/2014,3433
SKT,12/20/2014,998
CBJ,12/21/2014,2426
PUJ,12/21/2014,3878
SKT,12/21/2014,1097
CBJ,12/22/2014,2060
PUJ,12/22/2014,2987
SKT,12/22/2014,972
CBJ,12/23/2014,2386
PUJ,12/23/2014,3473
SKT,12/23/2014,957
CBJ,12/24/2014,2083
PUJ,12/24/2014,3346
SKT,12/24/2014,927
CBJ,12/25/2014,2336
PUJ,12/25/2014,3335
SKT,12/25/2014,1070
CBJ,12/26/2014,2040
PUJ,12/26/2014,2852
SKT,12/26/2014,980
CBJ,12/27/2014,2427
PUJ,12/27/2014,3273
SKT,12/27/2014,802
CBJ,12/28/2014,2170
PUJ,12/28/2014,2701
SKT,12/28/2014,843
CBJ,12/30/2014,1923
PUJ,12/30/2014,3134
SKT,12/30/2014,884
CBJ,12/31/2014,2072
PUJ,12/31/2014,3070
SKT,12/31/2014,796
CBJ,1/1/2015,2420
PUJ,1/1/2015,2962
SKT,1/1/2015,859
CBJ,1/2/2015,2006
PUJ,1/2/2015,2823
SKT,1/2/2015,814
CBJ,1/3/2015,2118
PUJ,1/3/2015,2863
SKT,1/3/2015,944
CBJ,1/4/2015,2363
PUJ,1/4/2015,2958
SKT,1/4/2015,985
CBJ,1/5/2015,1911
PUJ,1/5/2015,2774
SKT,1/5/2015,953
CBJ,1/6/2015,2343
PUJ,1/6/2015,3203
SKT,1/6/2015,867
CBJ,1/7/2015,2281
PUJ,1/7/2015,3393
SKT,1/7/2015,1124
CBJ,1/8/2015,3358
PUJ,1/8/2015,5486
SKT,1/8/2015,1653
CBJ,1/9/2015,2407
PUJ,1/9/2015,3210
SKT,1/9/2015,1438
CBJ,1/10/2015,2436
PUJ,1/10/2015,3683
SKT,1/10/2015,1225
CBJ,1/11/2015,2280
PUJ,1/11/2015,3364
SKT,1/11/2015,917
CBJ,1/12/2015,1995
PUJ,1/12/2015,3487
SKT,1/12/2015,965
CBJ,1/13/2015,2135
PUJ,1/13/2015,3370
SKT,1/13/2015,1157
CBJ,1/16/2015,13677
PUJ,1/16/2015,3730
SKT,1/16/2015,977
CBJ,1/17/2015,13734
PUJ,1/17/2015,3627
SKT,1/17/2015,950
CBJ,1/18/2015,13391
PUJ,1/18/2015,3377
SKT,1/18/2015,988
CBJ,1/20/2015,9487
PUJ,1/20/2015,4113
SKT,1/20/2015,1016
CBJ,1/21/2015,2601
PUJ,1/21/2015,3305
SKT,1/21/2015,967
CBJ,1/22/2015,2324
CBJ,1/22/2015,2159
CBJ,1/22/2015,11694
PUJ,1/22/2015,4104
PUJ,1/22/2015,3754
PUJ,1/22/2015,3184
SKT,1/22/2015,958
SKT,1/22/2015,873
SKT,1/22/2015,1099
CBJ,1/23/2015,2354
PUJ,1/23/2015,3037
SKT,1/23/2015,882
CBJ,1/24/2015,2124
PUJ,1/24/2015,3277
SKT,1/24/2015,946
CBJ,1/25/2015,2806
PUJ,1/25/2015,4394
SKT,1/25/2015,1262
CBJ,1/26/2015,1942
PUJ,1/26/2015,3019
SKT,1/26/2015,880
CBJ,1/27/2015,3258
PUJ,1/27/2015,4758
SKT,1/27/2015,1388
CBJ,1/28/2015,2416
PUJ,1/28/2015,3429
SKT,1/28/2015,977
CBJ,1/29/2015,2063
PUJ,1/29/2015,3450
SKT,1/29/2015,923
CBJ,1/31/2015,2178
PUJ,1/31/2015,3916
SKT,1/31/2015,1721
CBJ,2/1/2015,2196
PUJ,2/1/2015,3352
SKT,2/1/2015,1160
CBJ,2/2/2015,1812
PUJ,2/2/2015,2655
SKT,2/2/2015,960
CBJ,2/4/2015,2035
PUJ,2/4/2015,2819
SKT,2/4/2015,933
CBJ,2/5/2015,2061
CBJ,2/5/2015,2431
CBJ,2/5/2015,1889
CBJ,2/5/2015,2121
PUJ,2/5/2015,3426
PUJ,2/5/2015,2345
PUJ,2/5/2015,3133
PUJ,2/5/2015,3587
SKT,2/5/2015,1426
SKT,2/5/2015,950
SKT,2/5/2015,934
SKT,2/5/2015,932
CBJ,2/6/2015,2060
PUJ,2/6/2015,3799
SKT,2/6/2015,979
CBJ,2/7/2015,2026
PUJ,2/7/2015,3834
SKT,2/7/2015,1007
CBJ,2/8/2015,2272
PUJ,2/8/2015,3511
SKT,2/8/2015,1322
CBJ,2/12/2015,2009
PUJ,2/12/2015,3327
SKT,2/12/2015,1017
CBJ,2/13/2015,2026
PUJ,2/13/2015,3799
SKT,2/13/2015,1087
CBJ,2/14/2015,4057
PUJ,2/14/2015,5829
SKT,2/14/2015,1800
CBJ,2/15/2015,2736
PUJ,2/15/2015,4170
SKT,2/15/2015,1348
CBJ,2/17/2015,2700
PUJ,2/17/2015,4369
SKT,2/17/2015,1366
CBJ,2/18/2015,2926
PUJ,2/18/2015,4507
SKT,2/18/2015,1388
CBJ,2/19/2015,3091
PUJ,2/19/2015,4740
SKT,2/19/2015,1332
CBJ,2/20/2015,2539
PUJ,2/20/2015,3896
SKT,2/20/2015,1223
CBJ,2/21/2015,1927
PUJ,2/21/2015,2816
SKT,2/21/2015,1042
CBJ,2/22/2015,1982
PUJ,2/22/2015,2872
SKT,2/22/2015,988
CBJ,2/23/2015,2179
PUJ,2/23/2015,3577
SKT,2/23/2015,1336
CBJ,2/24/2015,2840
CBJ,2/24/2015,3299
CBJ,2/24/2015,2683
CBJ,2/24/2015,1919
CBJ,2/24/2015,2089
CBJ,2/24/2015,2624
CBJ,2/24/2015,2394
PUJ,2/24/2015,4442
PUJ,2/24/2015,5586
PUJ,2/24/2015,3135
PUJ,2/24/2015,3592
PUJ,2/24/2015,3609
PUJ,2/24/2015,4509
PUJ,2/24/2015,5712
SKT,2/24/2015,1160
SKT,2/24/2015,1144
SKT,2/24/2015,1378
SKT,2/24/2015,1273
SKT,2/24/2015,1224
SKT,2/24/2015,1441
SKT,2/24/2015,966
CBJ,2/25/2015,2781
PUJ,2/25/2015,4779
SKT,2/25/2015,1559
CBJ,2/26/2015,3341
PUJ,2/26/2015,4767
SKT,2/26/2015,1317
CBJ,2/27/2015,3425
PUJ,2/27/2015,4808
SKT,2/27/2015,1454
CBJ,2/28/2015,3157
PUJ,2/28/2015,4487
SKT,2/28/2015,1279
CBJ,3/1/2015,2846
PUJ,3/1/2015,4736
SKT,3/1/2015,1376
CBJ,3/2/2015,3208
PUJ,3/2/2015,5799
SKT,3/2/2015,1343
CBJ,3/3/2015,2960
PUJ,3/3/2015,5451
SKT,3/3/2015,1359
CBJ,3/4/2015,3014
PUJ,3/4/2015,6951
SKT,3/4/2015,1421
CBJ,3/5/2015,3052
PUJ,3/5/2015,7089
SKT,3/5/2015,2235
CBJ,3/6/2015,18845
PUJ,3/6/2015,5906
SKT,3/6/2015,2073
CBJ,3/7/2015,3352
PUJ,3/7/2015,6460
SKT,3/7/2015,1427
CBJ,3/8/2015,2954
PUJ,3/8/2015,6826
SKT,3/8/2015,2023
CBJ,3/9/2015,2860
PUJ,3/9/2015,7413
SKT,3/9/2015,1595
CBJ,3/11/2015,3366
PUJ,3/11/2015,4252
SKT,3/11/2015,1340
CBJ,3/12/2015,3864
PUJ,3/12/2015,4220
SKT,3/12/2015,1455
CBJ,3/13/2015,3697
PUJ,3/13/2015,4519
SKT,3/13/2015,1386
CBJ,3/15/2015,3140
PUJ,3/15/2015,4573
SKT,3/15/2015,1497
CBJ,3/16/2015,2977
PUJ,3/16/2015,3835
SKT,3/16/2015,1238
CBJ,3/17/2015,3341
PUJ,3/17/2015,4095
SKT,3/17/2015,1313
CBJ,3/18/2015,3695
PUJ,3/18/2015,4111
SKT,3/18/2015,1344
CBJ,3/20/2015,3618
PUJ,3/20/2015,4622
SKT,3/20/2015,1641
CBJ,3/21/2015,3349
PUJ,3/21/2015,4360
SKT,3/21/2015,1360
CBJ,3/22/2015,3020
PUJ,3/22/2015,4014
SKT,3/22/2015,1499
CBJ,3/23/2015,2400
PUJ,3/23/2015,3332
SKT,3/23/2015,1498
CBJ,3/24/2015,3109
PUJ,3/24/2015,5134
SKT,3/24/2015,1344
CBJ,3/25/2015,3859
PUJ,3/25/2015,4903
SKT,3/25/2015,1456
CBJ,3/26/2015,3424
PUJ,3/26/2015,4772
SKT,3/26/2015,1357
CBJ,3/27/2015,3511
PUJ,3/27/2015,5450
SKT,3/27/2015,2671
CBJ,3/28/2015,4153
PUJ,3/28/2015,4682
SKT,3/28/2015,1783
CBJ,3/29/2015,3768
PUJ,3/29/2015,4485
SKT,3/29/2015,2619
CBJ,3/30/2015,3772
PUJ,3/30/2015,4318
SKT,3/30/2015,2264
CBJ,4/1/2015,3269
CBJ,4/1/2015,3684
PUJ,4/1/2015,4917
PUJ,4/1/2015,7847
SKT,4/1/2015,1400
SKT,4/1/2015,1617
CBJ,4/2/2015,3392
CBJ,4/2/2015,4159
PUJ,4/2/2015,4414
PUJ,4/2/2015,5101
SKT,4/2/2015,2051
SKT,4/2/2015,2388
CBJ,4/3/2015,3780
CBJ,4/3/2015,5168
PUJ,4/3/2015,4427
PUJ,4/3/2015,4488
SKT,4/3/2015,2127
SKT,4/3/2015,2450
CBJ,4/4/2015,3546
PUJ,4/4/2015,4980
SKT,4/4/2015,2208
CBJ,4/5/2015,2950
PUJ,4/5/2015,4764
SKT,4/5/2015,2147
CBJ,4/6/2015,2694
PUJ,4/6/2015,4138
SKT,4/6/2015,1586
CBJ,4/7/2015,3217
PUJ,4/7/2015,4567
SKT,4/7/2015,1531
CBJ,4/8/2015,3562
PUJ,4/8/2015,5024
SKT,4/8/2015,1721
CBJ,4/15/2015,3102
PUJ,4/15/2015,4947
SKT,4/15/2015,1535
CBJ,4/16/2015,3678
PUJ,4/16/2015,4554
SKT,4/16/2015,1430
CBJ,4/19/2015,3506
PUJ,4/19/2015,5058
SKT,4/19/2015,1749
CBJ,4/20/2015,3529
CBJ,4/20/2015,3895
CBJ,4/20/2015,3350
CBJ,4/20/2015,3029
CBJ,4/20/2015,3338
CBJ,4/20/2015,3371
CBJ,4/20/2015,3735
CBJ,4/20/2015,3646
CBJ,4/20/2015,3224
PUJ,4/20/2015,4583
PUJ,4/20/2015,4501
PUJ,4/20/2015,4673
PUJ,4/20/2015,5144
PUJ,4/20/2015,4931
PUJ,4/20/2015,5242
PUJ,4/20/2015,5224
PUJ,4/20/2015,4185
PUJ,4/20/2015,4506
SKT,4/20/2015,1224
SKT,4/20/2015,1283
SKT,4/20/2015,1421
SKT,4/20/2015,2117
SKT,4/20/2015,1346
SKT,4/20/2015,1362
SKT,4/20/2015,1333
SKT,4/20/2015,1168
SKT,4/20/2015,1477
CBJ,4/21/2015,3120
PUJ,4/21/2015,4278
SKT,4/21/2015,1335
CBJ,4/22/2015,3394
PUJ,4/22/2015,4691
SKT,4/22/2015,1799
CBJ,4/23/2015,4267
PUJ,4/23/2015,4685
SKT,4/23/2015,1544
CBJ,4/24/2015,10867
PUJ,4/24/2015,4349
SKT,4/24/2015,1891
CBJ,4/25/2015,33685
PUJ,4/25/2015,5322
SKT,4/25/2015,1879
CBJ,4/26/2015,3548
PUJ,4/26/2015,4528
SKT,4/26/2015,1726
CBJ,4/27/2015,3437
PUJ,4/27/2015,4235
SKT,4/27/2015,1379
CBJ,4/28/2015,3525
PUJ,4/28/2015,4475
SKT,4/28/2015,3261
CBJ,4/29/2015,6526
PUJ,4/29/2015,4727
SKT,4/29/2015,1908
CBJ,4/30/2015,3434
PUJ,4/30/2015,6609
SKT,4/30/2015,2471
CBJ,5/1/2015,3191
PUJ,5/1/2015,4492
SKT,5/1/2015,1665
CBJ,5/2/2015,3025
PUJ,5/2/2015,3976
SKT,5/2/2015,1898
CBJ,5/3/2015,2730
PUJ,5/3/2015,3145
SKT,5/3/2015,1584
CBJ,5/4/2015,2603
PUJ,5/4/2015,2759
SKT,5/4/2015,1580
CBJ,5/5/2015,3088
PUJ,5/5/2015,3731
SKT,5/5/2015,1319
CBJ,5/6/2015,3389
PUJ,5/6/2015,4881
SKT,5/6/2015,1490
CBJ,5/7/2015,5977
PUJ,5/7/2015,4191
SKT,5/7/2015,2131
CBJ,5/12/2015,3693
CBJ,5/12/2015,3531
CBJ,5/12/2015,5535
CBJ,5/12/2015,2973
CBJ,5/12/2015,3253
PUJ,5/12/2015,4584
PUJ,5/12/2015,4193
PUJ,5/12/2015,4741
PUJ,5/12/2015,4176
PUJ,5/12/2015,4409
SKT,5/12/2015,2650
SKT,5/12/2015,3255
SKT,5/12/2015,1438
SKT,5/12/2015,3574
SKT,5/12/2015,1427
CBJ,5/14/2015,3771
PUJ,5/14/2015,4243
SKT,5/14/2015,2386
CBJ,5/15/2015,3354
PUJ,5/15/2015,4928
SKT,5/15/2015,2557
CBJ,5/16/2015,3603
PUJ,5/16/2015,4312
SKT,5/16/2015,2254
CBJ,5/17/2015,9265
PUJ,5/17/2015,4816
SKT,5/17/2015,2357
CBJ,5/18/2015,3321
PUJ,5/18/2015,4028
SKT,5/18/2015,2553
CBJ,5/20/2015,3963
PUJ,5/20/2015,5028
SKT,5/20/2015,1427
CBJ,5/21/2015,3576
PUJ,5/21/2015,4886
SKT,5/21/2015,1567
CBJ,5/22/2015,3769
PUJ,5/22/2015,4565
SKT,5/22/2015,1759
CBJ,5/24/2015,3212
PUJ,5/24/2015,4196
SKT,5/24/2015,1413
CBJ,5/25/2015,2890
PUJ,5/25/2015,4513
SKT,5/25/2015,1327
CBJ,5/26/2015,3144
PUJ,5/26/2015,4908
SKT,5/26/2015,1299
CBJ,5/27/2015,3950
PUJ,5/27/2015,4024
SKT,5/27/2015,1352
CBJ,5/28/2015,4227
PUJ,5/28/2015,4481
SKT,5/28/2015,1368
CBJ,5/29/2015,3322
PUJ,5/29/2015,4382
SKT,5/29/2015,1355
CBJ,5/30/2015,3936
PUJ,5/30/2015,4883
SKT,5/30/2015,1907
CBJ,5/31/2015,3466
PUJ,5/31/2015,4170
SKT,5/31/2015,1332
CBJ,6/1/2015,3153
CBJ,6/1/2015,3651
CBJ,6/1/2015,3205
CBJ,6/1/2015,3366
PUJ,6/1/2015,4676
PUJ,6/1/2015,4208
PUJ,6/1/2015,5352
PUJ,6/1/2015,3862
SKT,6/1/2015,1503
SKT,6/1/2015,1968
SKT,6/1/2015,2037
SKT,6/1/2015,1698
CBJ,6/2/2015,5011
PUJ,6/2/2015,5641
SKT,6/2/2015,1556
CBJ,6/3/2015,3340
PUJ,6/3/2015,4485
SKT,6/3/2015,1764
CBJ,6/4/2015,3249
PUJ,6/4/2015,4411
SKT,6/4/2015,1416
CBJ,6/5/2015,3638
PUJ,6/5/2015,4744
SKT,6/5/2015,1388
CBJ,6/6/2015,3604
PUJ,6/6/2015,4867
SKT,6/6/2015,1393
CBJ,6/7/2015,3374
PUJ,6/7/2015,4036
SKT,6/7/2015,1837
CBJ,6/8/2015,3133
PUJ,6/8/2015,3761
SKT,6/8/2015,1191
CBJ,6/10/2015,4078
PUJ,6/10/2015,3750
SKT,6/10/2015,1404
CBJ,6/11/2015,3585
PUJ,6/11/2015,3992
SKT,6/11/2015,2048
CBJ,6/12/2015,3104
PUJ,6/12/2015,4761
SKT,6/12/2015,1424
CBJ,6/13/2015,3272
PUJ,6/13/2015,4580
SKT,6/13/2015,1766
CBJ,6/14/2015,3571
PUJ,6/14/2015,4349
SKT,6/14/2015,1376
CBJ,6/15/2015,3361
PUJ,6/15/2015,4057
SKT,6/15/2015,1383
CBJ,6/17/2015,3448
PUJ,6/17/2015,4385
SKT,6/17/2015,1396
CBJ,6/18/2015,3127
PUJ,6/18/2015,4036
SKT,6/18/2015,1792
CBJ,6/21/2015,3036
PUJ,6/21/2015,4234
SKT,6/21/2015,1622
CBJ,6/22/2015,3656
PUJ,6/22/2015,3868
SKT,6/22/2015,1326
CBJ,6/23/2015,3557
PUJ,6/23/2015,4715
SKT,6/23/2015,1715
CBJ,6/26/2015,3265
PUJ,6/26/2015,4989
SKT,6/26/2015,1459
CBJ,6/28/2015,2827
PUJ,6/28/2015,4115
SKT,6/28/2015,1434
CBJ,6/30/2015,3630
CBJ,6/30/2015,3062
CBJ,6/30/2015,2998
CBJ,6/30/2015,3383
CBJ,6/30/2015,3111
CBJ,6/30/2015,3160
CBJ,6/30/2015,3006
PUJ,6/30/2015,4179
PUJ,6/30/2015,3923
PUJ,6/30/2015,4401
PUJ,6/30/2015,4490
PUJ,6/30/2015,4664
PUJ,6/30/2015,4437
PUJ,6/30/2015,4151
SKT,6/30/2015,1204
SKT,6/30/2015,2050
SKT,6/30/2015,2405
SKT,6/30/2015,1491
SKT,6/30/2015,1287
SKT,6/30/2015,1385
SKT,6/30/2015,2234
CBJ,7/1/2015,3390
CBJ,7/1/2015,2870
CBJ,7/1/2015,2975
PUJ,7/1/2015,3826
PUJ,7/1/2015,4791
PUJ,7/1/2015,4450
SKT,7/1/2015,1531
SKT,7/1/2015,1643
SKT,7/1/2015,1325
CBJ,7/2/2015,3486
PUJ,7/2/2015,4527
SKT,7/2/2015,1759
CBJ,7/3/2015,3534
PUJ,7/3/2015,4629
SKT,7/3/2015,1409
CBJ,7/4/2015,3677
PUJ,7/4/2015,4944
SKT,7/4/2015,1759
CBJ,7/5/2015,3310
PUJ,7/5/2015,4144
SKT,7/5/2015,1514
CBJ,7/6/2015,3020
PUJ,7/6/2015,4015
SKT,7/6/2015,1339
CBJ,7/7/2015,6200
PUJ,7/7/2015,4455
SKT,7/7/2015,1484
CBJ,7/8/2015,3716
PUJ,7/8/2015,4732
SKT,7/8/2015,1393
CBJ,7/13/2015,3236
PUJ,7/13/2015,3931
SKT,7/13/2015,1637
CBJ,7/15/2015,3508
CBJ,7/15/2015,3571
CBJ,7/15/2015,3654
CBJ,7/15/2015,3737
CBJ,7/15/2015,3634
CBJ,7/15/2015,3557
PUJ,7/15/2015,4453
PUJ,7/15/2015,4464
PUJ,7/15/2015,4244
PUJ,7/15/2015,5143
PUJ,7/15/2015,5012
PUJ,7/15/2015,5867
SKT,7/15/2015,1367
SKT,7/15/2015,1723
SKT,7/15/2015,1496
SKT,7/15/2015,2455
SKT,7/15/2015,1836
SKT,7/15/2015,1467
CBJ,7/16/2015,3447
PUJ,7/16/2015,4473
SKT,7/16/2015,1642
CBJ,7/17/2015,3300
PUJ,7/17/2015,3502
SKT,7/17/2015,1583
CBJ,7/18/2015,2841
PUJ,7/18/2015,1963
SKT,7/18/2015,977
CBJ,7/19/2015,2210
PUJ,7/19/2015,1991
SKT,7/19/2015,830
CBJ,7/21/2015,2270
PUJ,7/21/2015,2135
SKT,7/21/2015,976
CBJ,7/22/2015,2968
PUJ,7/22/2015,3043
SKT,7/22/2015,1363
CBJ,7/23/2015,3119
PUJ,7/23/2015,3799
SKT,7/23/2015,1750
CBJ,7/25/2015,3709
PUJ,7/25/2015,4285
SKT,7/25/2015,1964
CBJ,7/26/2015,3510
PUJ,7/26/2015,5026
SKT,7/26/2015,1590
CBJ,7/28/2015,3877
PUJ,7/28/2015,4208
SKT,7/28/2015,1931
CBJ,8/1/2015,6899
PUJ,8/1/2015,4705
SKT,8/1/2015,1558
CBJ,8/2/2015,6089
PUJ,8/2/2015,4820
SKT,8/2/2015,1987
CBJ,8/3/2015,4336
PUJ,8/3/2015,4200
SKT,8/3/2015,1604
CBJ,8/4/2015,4163
CBJ,8/4/2015,3682
CBJ,8/4/2015,2296
CBJ,8/4/2015,3603
CBJ,8/4/2015,3737
CBJ,8/4/2015,3838
CBJ,8/4/2015,4793
PUJ,8/4/2015,4538
PUJ,8/4/2015,1619
PUJ,8/4/2015,4612
PUJ,8/4/2015,4603
PUJ,8/4/2015,4122
PUJ,8/4/2015,4074
PUJ,8/4/2015,4385
SKT,8/4/2015,1874
SKT,8/4/2015,1562
SKT,8/4/2015,1609
SKT,8/4/2015,1771
SKT,8/4/2015,886
SKT,8/4/2015,1477
CBJ,8/5/2015,3599
PUJ,8/5/2015,4910
SKT,8/5/2015,1637
CBJ,8/6/2015,3647
PUJ,8/6/2015,5627
SKT,8/6/2015,1705
CBJ,8/7/2015,3765
PUJ,8/7/2015,4702
SKT,8/7/2015,1709
CBJ,8/8/2015,3615
PUJ,8/8/2015,4469
SKT,8/8/2015,1553
CBJ,8/9/2015,3527
PUJ,8/9/2015,4540
SKT,8/9/2015,1841
CBJ,8/10/2015,3406
PUJ,8/10/2015,4308
SKT,8/10/2015,1658
CBJ,8/11/2015,3749
PUJ,8/11/2015,4549
SKT,8/11/2015,1476
CBJ,8/12/2015,3494
PUJ,8/12/2015,4634
SKT,8/12/2015,1794
CBJ,8/14/2015,3439
PUJ,8/14/2015,4853
SKT,8/14/2015,1565
CBJ,8/15/2015,3836
PUJ,8/15/2015,4837
SKT,8/15/2015,1551
CBJ,8/16/2015,3847
PUJ,8/16/2015,4925
SKT,8/16/2015,1830
CBJ,8/17/2015,3806
PUJ,8/17/2015,4357
SKT,8/17/2015,2856
CBJ,8/18/2015,3824
PUJ,8/18/2015,4796
SKT,8/18/2015,2187
CBJ,8/20/2015,3490
PUJ,8/20/2015,4827
SKT,8/20/2015,2056
CBJ,8/24/2015,4869
CBJ,8/24/2015,4276
CBJ,8/24/2015,4399
CBJ,8/24/2015,3269
CBJ,8/24/2015,3352
CBJ,8/24/2015,3450
PUJ,8/24/2015,4511
PUJ,8/24/2015,4818
PUJ,8/24/2015,4553
PUJ,8/24/2015,4609
PUJ,8/24/2015,5156
PUJ,8/24/2015,5621
SKT,8/24/2015,1460
SKT,8/24/2015,2426
SKT,8/24/2015,2253
SKT,8/24/2015,1952
SKT,8/24/2015,2593
SKT,8/24/2015,1877
CBJ,8/25/2015,3713
PUJ,8/25/2015,4711
SKT,8/25/2015,2410
CBJ,8/26/2015,3753
PUJ,8/26/2015,4926
SKT,8/26/2015,1562
CBJ,8/27/2015,3276
PUJ,8/27/2015,5070
SKT,8/27/2015,1423
CBJ,8/28/2015,3212
PUJ,8/28/2015,4589
SKT,8/28/2015,1960
CBJ,8/29/2015,3112
PUJ,8/29/2015,5276
SKT,8/29/2015,1472
CBJ,8/31/2015,2844
PUJ,8/31/2015,3769
SKT,8/31/2015,1382
CBJ,9/1/2015,3126
PUJ,9/1/2015,4206
SKT,9/1/2015,1337
CBJ,9/2/2015,4283
PUJ,9/2/2015,4339
SKT,9/2/2015,1383
CBJ,9/3/2015,3311
PUJ,9/3/2015,4587
SKT,9/3/2015,1631
CBJ,9/4/2015,3350
PUJ,9/4/2015,4389
SKT,9/4/2015,1288
CBJ,9/5/2015,3351
PUJ,9/5/2015,4652
SKT,9/5/2015,1263
CBJ,9/6/2015,3259
PUJ,9/6/2015,4359
SKT,9/6/2015,1865
CBJ,9/10/2015,3481
CBJ,9/10/2015,4051
CBJ,9/10/2015,3144
CBJ,9/10/2015,2977
CBJ,9/10/2015,2919
PUJ,9/10/2015,4576
PUJ,9/10/2015,4476
PUJ,9/10/2015,4815
PUJ,9/10/2015,4495
PUJ,9/10/2015,4396
SKT,9/10/2015,1333
SKT,9/10/2015,1599
SKT,9/10/2015,1409
SKT,9/10/2015,1377
SKT,9/10/2015,1431
CBJ,9/11/2015,3310
PUJ,9/11/2015,4504
SKT,9/11/2015,1335
CBJ,9/13/2015,2691
PUJ,9/13/2015,3697
SKT,9/13/2015,1543
CBJ,9/14/2015,2599
PUJ,9/14/2015,3630
SKT,9/14/2015,1388
CBJ,9/17/2015,3374
PUJ,9/17/2015,3873
SKT,9/17/2015,1170
CBJ,9/18/2015,2863
PUJ,9/18/2015,4189
SKT,9/18/2015,1383
CBJ,9/19/2015,2811
PUJ,9/19/2015,4274
SKT,9/19/2015,1139
CBJ,9/21/2015,2258
PUJ,9/21/2015,3403
SKT,9/21/2015,1187
CBJ,10/1/2015,2101
CBJ,10/1/2015,2572
CBJ,10/1/2015,2739
CBJ,10/1/2015,2172
CBJ,10/1/2015,2731
CBJ,10/1/2015,2748
CBJ,10/1/2015,2227
CBJ,10/1/2015,2913
CBJ,10/1/2015,2496
CBJ,10/1/2015,2661
CBJ,10/1/2015,2441
CBJ,10/1/2015,3150
CBJ,10/1/2015,2483
CBJ,10/1/2015,2416
PUJ,10/1/2015,4190
PUJ,10/1/2015,4098
PUJ,10/1/2015,4277
PUJ,10/1/2015,4115
PUJ,10/1/2015,3056
PUJ,10/1/2015,2569
PUJ,10/1/2015,4850
PUJ,10/1/2015,4938
PUJ,10/1/2015,3902
PUJ,10/1/2015,3962
PUJ,10/1/2015,4689
PUJ,10/1/2015,2079
PUJ,10/1/2015,2652
PUJ,10/1/2015,4431
SKT,10/1/2015,993
SKT,10/1/2015,1274
SKT,10/1/2015,1292
SKT,10/1/2015,1106
SKT,10/1/2015,1407
SKT,10/1/2015,865
SKT,10/1/2015,775
SKT,10/1/2015,1145
SKT,10/1/2015,1043
SKT,10/1/2015,1330
SKT,10/1/2015,1226
SKT,10/1/2015,1276
SKT,10/1/2015,1066
SKT,10/1/2015,1088
CBJ,10/2/2015,2523
PUJ,10/2/2015,4543
SKT,10/2/2015,1604
