SEGMENT,EXC_ABB,FDC_CODE,FDP_CODE,FDP_TYPE,OLT_CODE,RADIAL_DIST_METER,LONG,LAT
MSC,CBJ2,C015,29.000000000000000,PEDESTAL DP,,3000.380000000000100,101.620335480528990,2.936927030654790
MSC,CBJ2,C015,28.000000000000000,PEDESTAL DP,,2915.309999999999900,101.620078946482000,2.935266183952420
MSC,CBJ2,C015,31.000000000000000,PEDESTAL DP,,2966.360000000000100,101.620596230277000,2.936763217089490
MSC,CBJ2,C015,32.000000000000000,PEDESTAL DP,,2979.670000000000100,101.620321235880000,2.936599780431720
MSC,CBJ2,C015,33.000000000000000,PEDESTAL DP,,2989.260000000000200,101.620041397871010,2.936367532782930
MSC,CBJ2,C015,34.000000000000000,PEDESTAL DP,,2919.429999999999800,101.620747623583990,2.936263532102440
MSC,CBJ2,C015,35.000000000000000,PEDESTAL DP,,2932.659999999999900,101.620407766232010,2.936004290385370
MSC,CBJ2,C015,36.000000000000000,PEDESTAL DP,,2878.210000000000000,101.620711723930000,2.935587232059840
MSC,CBJ2,C015,37.000000000000000,PEDESTAL DP,,2798.260000000000200,101.621964247195000,2.936054196816800
MSC,CBJ2,C015,38.000000000000000,PEDESTAL DP,,2688.550000000000200,101.622945342253000,2.935698335784640
MSC,CBJ2,C015,39.000000000000000,PEDESTAL DP,,2856.309999999999900,101.621714879515000,2.936581349788720
MSC,CBJ2,C015,40.000000000000000,PEDESTAL DP,,2833.440000000000100,101.621981911161000,2.936583675921130
MSC,CBJ2,C015,41.000000000000000,PEDESTAL DP,,2682.059999999999900,101.623323336412000,2.936063385074410
MSC,CBJ2,C015,42.000000000000000,PEDESTAL DP,,2755.929999999999800,101.622730068168000,2.936392517894540
MSC,CBJ2,C015,43.000000000000000,PEDESTAL DP,,2934.849999999999900,101.621148087298000,2.937006193315410
MSC,CBJ2,C015,44.000000000000000,PEDESTAL DP,,2899.449999999999800,101.621628552705000,2.937091261211640
MSC,CBJ2,C015,45.000000000000000,PEDESTAL DP,,2854.480000000000000,101.622150961323000,2.937084139031410
MSC,CBJ2,C015,46.000000000000000,PEDESTAL DP,,2675.610000000000100,101.623713021624000,2.936425106598660
MSC,CBJ2,C015,47.000000000000000,PEDESTAL DP,,2725.420000000000100,101.623336902575010,2.936677576997810
MSC,CBJ2,C015,48.000000000000000,PEDESTAL DP,,2783.630000000000100,101.622845663901000,2.936912987620550
MSC,CBJ2,C015,49.000000000000000,PEDESTAL DP,,2444.869999999999900,101.624770797968000,2.934461019347060
MSC,CBJ2,C015,50.000000000000000,PEDESTAL DP,,2504.710000000000000,101.624534150795000,2.935019229892680
MSC,CBJ2,C015,51.000000000000000,PEDESTAL DP,,2395.730000000000000,101.624799089674000,2.933789875878550
MSC,CBJ2,C015,52.000000000000000,PEDESTAL DP,,2448.040000000000000,101.624585971185990,2.934279344197390
MSC,CBJ2,C015,53.000000000000000,PEDESTAL DP,,2493.090000000000100,101.624404725674000,2.934700090474640
MSC,CBJ2,C015,54.000000000000000,PEDESTAL DP,,2534.909999999999900,101.624230251162000,2.935080580398220
MSC,CBJ2,C015,55.000000000000000,PEDESTAL DP,,2430.949999999999800,101.624293709906000,2.933654408797820
MSC,CBJ2,C015,56.000000000000000,PEDESTAL DP,,2512.780000000000200,101.623958085201000,2.934427166993740
MSC,CBJ2,C015,57.000000000000000,PEDESTAL DP,,2591.659999999999900,101.623597623874010,2.935115963322970
MSC,CBJ2,C015,58.000000000000000,PEDESTAL DP,,2928.800000000000200,101.621496099130990,2.937346000167730
MSC,CBJ2,C015,59.000000000000000,PEDESTAL DP,,2840.869999999999900,101.622502593896000,2.937304814259300
MSC,CBJ2,C015,60.000000000000000,PEDESTAL DP,,2731.619999999999900,101.623451557005000,2.936890964927940
MSC,CBJ2,C015,1.000000000000000,POLE-MOUNTED DP,,3647.489999999999800,101.614223337263000,2.938372994885280
MSC,CBJ2,C015,2.000000000000000,POLE-MOUNTED DP,,3668.880000000000100,101.614210952521010,2.938705975148810
MSC,CBJ2,C015,3.000000000000000,POLE-MOUNTED DP,,3748.849999999999900,101.614201412224010,2.939969475849370
MSC,CBJ2,C015,4.000000000000000,POLE-MOUNTED DP,,3727.260000000000200,101.614212196693000,2.939645642913110
MSC,CBJ2,C015,5.000000000000000,POLE-MOUNTED DP,,3567.989999999999800,101.615146286566000,2.938469943064030
MSC,CBJ2,C015,6.000000000000000,POLE-MOUNTED DP,,3598.659999999999900,101.614814156836000,2.938470812312740
MSC,CBJ2,C015,7.000000000000000,POLE-MOUNTED DP,,3619.800000000000200,101.614999629206000,2.939082065817110
MSC,CBJ2,C015,8.000000000000000,POLE-MOUNTED DP,,3637.659999999999900,101.614995636720000,2.939357252551090
MSC,CBJ2,C015,9.000000000000000,POLE-MOUNTED DP,,3608.520000000000000,101.615500733702010,2.939611864653570
MSC,CBJ2,C015,10.000000000000000,POLE-MOUNTED DP,,3694.750000000000000,101.614965268438990,2.940196192263560
MSC,CBJ2,C015,11.000000000000000,POLE-MOUNTED DP,,3661.670000000000100,101.615334120292000,2.940193734516860
MSC,CBJ2,C015,12.000000000000000,POLE-MOUNTED DP,,3544.090000000000100,101.616228391275000,2.939620348226630
MSC,CBJ2,C015,13.000000000000000,POLE-MOUNTED DP,,3447.000000000000000,101.616910641524000,2.939071615400720
MSC,CBJ2,C015,14.000000000000000,POLE-MOUNTED DP,,3469.590000000000100,101.616904849048000,2.939402172835360
MSC,CBJ2,C015,15.000000000000000,POLE-MOUNTED DP,,3587.320000000000200,101.616166967745000,2.940184016102210
MSC,CBJ2,C015,16.000000000000000,POLE-MOUNTED DP,,3538.860000000000100,101.616721068191000,2.940185364778560
MSC,CBJ2,C015,17.000000000000000,POLE-MOUNTED DP,,3435.599999999999900,101.617455112821010,2.939613265160340
MSC,CBJ2,C015,18.000000000000000,POLE-MOUNTED DP,,3489.949999999999800,101.617285182571000,2.940186737482380
MSC,CBJ2,C015,19.000000000000000,POLE-MOUNTED DP,,3478.239999999999800,101.615943025277010,2.938203398357570
MSC,CBJ2,C015,20.000000000000000,POLE-MOUNTED DP,,3448.440000000000100,101.616265153113010,2.938197470248660
MSC,CBJ2,C015,21.000000000000000,POLE-MOUNTED DP,,3379.949999999999800,101.617026189163990,2.938206034129810
MSC,CBJ2,C015,22.000000000000000,POLE-MOUNTED DP,,3398.730000000000000,101.616819232426000,2.938207208648290
MSC,CBJ2,C015,23.000000000000000,POLE-MOUNTED DP,,3369.550000000000200,101.617460758948000,2.938641700517930
MSC,CBJ2,C015,24.000000000000000,POLE-MOUNTED DP,,3352.059999999999900,101.617453067809000,2.938366485204100
MSC,CBJ2,C015,25.000000000000000,PEDESTAL DP,,3000.090000000000100,101.619330457211010,2.935522984134740
MSC,CBJ2,C015,26.000000000000000,PEDESTAL DP,,2940.079999999999900,101.619733847151000,2.935153571266980
MSC,CBJ2,C015,27.000000000000000,PEDESTAL DP,,3022.469999999999800,101.619398090618010,2.935980023477190
MSC,CBJ2,C015,30.000000000000000,PEDESTAL DP,,3017.719999999999800,101.619870685086990,2.936568481532940
MSC,CBJ2,C018,7.000000000000000,EXTERNAL DP,G01,471.000000000000000,101.644309821237000,2.923640280754980
MSC,CBJ2,C018,1.000000000000000,EXTERNAL DP,G01,1013.000000000000000,101.641992115986990,2.929440713979840
MSC,CBJ2,C018,4.000000000000000,EXTERNAL DP,G01,447.000000000000000,101.643778654854000,2.923749118931460
MSC,CBJ2,C018,6.000000000000000,EXTERNAL DP,G01,475.000000000000000,101.644566565441000,2.923465635310370
MSC,CBJ2,C018,9.000000000000000,EXTERNAL DP,G01,385.000000000000000,101.641062447613000,2.923703981929720
MSC,CBJ2,C018,10.000000000000000,EXTERNAL DP,G01,475.000000000000000,101.640978961151010,2.924520473066050
MSC,CBJ2,C018,5.000000000000000,EXTERNAL DP,G01,460.000000000000000,101.644000326721000,2.923740788272360
MSC,CBJ2,C018,11.000000000000000,EXTERNAL DP,G01,499.000000000000000,101.640875957533000,2.924719080983510
MSC,CBJ2,C018,8.000000000000000,EXTERNAL DP,G01,365.000000000000000,101.640959094408000,2.923495635873850
MSC,CBJ2,C018,2.000000000000000,EXTERNAL DP,G01,895.000000000000000,101.639653028598000,2.928107906547250
MSC,CBJ2,C018,3.000000000000000,EXTERNAL DP,G01,658.000000000000000,101.641232297439000,2.926217055101290
MSC,CBJ2,C023,15.000000000000000,PEDESTAL DP,G06,3887.000000000000000,101.611243295805000,2.937546084889070
MSC,CBJ2,C023,16.000000000000000,PEDESTAL DP,G06,4106.000000000000000,101.608192205997990,2.935974673254900
MSC,CBJ2,C023,26.000000000000000,PEDESTAL DP,G06,4013.000000000000000,101.609451384785000,2.936627737697200
MSC,CBJ2,C023,12.000000000000000,PEDESTAL DP,G06,3863.000000000000000,101.611314780043000,2.937227173565130
MSC,CBJ2,C023,9.000000000000000,PEDESTAL DP,G06,3786.000000000000000,101.612108891915990,2.937225049441560
MSC,CBJ2,C023,23.000000000000000,PEDESTAL DP,G06,4113.000000000000000,101.608454774884000,2.936605011467450
MSC,CBJ2,C023,24.000000000000000,PEDESTAL DP,G06,4084.000000000000000,101.608759238728990,2.936613884818440
MSC,CBJ2,C023,1.000000000000000,PEDESTAL DP,G06,3740.000000000000000,101.611962053254000,2.936096252762890
MSC,CBJ2,C023,3.000000000000000,PEDESTAL DP,G06,3810.000000000000000,101.611242744783000,2.936081865397710
MSC,CBJ2,C023,10.000000000000000,PEDESTAL DP,G06,3812.000000000000000,101.611836095393000,2.937228444805670
MSC,CBJ2,C023,7.000000000000000,PEDESTAL DP,G06,3825.000000000000000,101.611394925510000,2.936662991478590
MSC,CBJ2,C023,13.000000000000000,PEDESTAL DP,G06,3885.000000000000000,101.611088468091000,2.937226621604840
MSC,CBJ2,C023,21.000000000000000,PEDESTAL DP,G06,3951.000000000000000,101.609748312584000,2.935971833958490
MSC,CBJ2,C023,25.000000000000000,PEDESTAL DP,G06,4048.000000000000000,101.609086988583000,2.936619414614410
MSC,CBJ2,C023,33.000000000000000,PEDESTAL DP,G06,4170.000000000000000,101.608321686517000,2.937451568608040
MSC,CBJ2,C023,35.000000000000000,PEDESTAL DP,G06,4057.000000000000000,101.609469303306000,2.937495011361670
MSC,CBJ2,C023,20.000000000000000,PEDESTAL DP,G06,3977.000000000000000,101.609458207345000,2.935972979887890
MSC,CBJ2,C023,31.000000000000000,PEDESTAL DP,G06,4046.000000000000000,101.609393637028010,2.937179629806640
MSC,CBJ2,C023,6.000000000000000,PEDESTAL DP,G06,3791.000000000000000,101.611746503719000,2.936667918266420
MSC,CBJ2,C023,14.000000000000000,PEDESTAL DP,G06,3823.000000000000000,101.611906050073000,2.937551761557490
MSC,CBJ2,C023,19.000000000000000,PEDESTAL DP,G06,4006.000000000000000,101.609248499110000,2.935972721283670
MSC,CBJ2,C023,17.000000000000000,PEDESTAL DP,G06,4059.000000000000000,101.608640036721000,2.935971235985400
MSC,CBJ2,C023,36.000000000000000,PEDESTAL DP,G06,3925.000000000000000,101.609971983267000,2.935967134587350
MSC,CBJ2,C023,18.000000000000000,PEDESTAL DP,G06,4030.000000000000000,101.609025188773000,2.935973424196720
MSC,CBJ2,C023,27.000000000000000,PEDESTAL DP,G06,4170.000000000000000,101.608175875165000,2.937138538846470
MSC,CBJ2,C023,28.000000000000000,PEDESTAL DP,G06,4140.000000000000000,101.608419521556000,2.937149560833440
MSC,CBJ2,C023,30.000000000000000,PEDESTAL DP,G06,4076.000000000000000,101.609149643284990,2.937182226508750
MSC,CBJ2,C023,5.000000000000000,PEDESTAL DP,G06,3760.000000000000000,101.612067765505000,2.936674796724770
MSC,CBJ2,C023,34.000000000000000,PEDESTAL DP,G06,4115.000000000000000,101.608869230439000,2.937475251746120
MSC,CBJ2,C023,22.000000000000000,PEDESTAL DP,G06,4143.000000000000000,101.608181602189010,2.936592814134740
MSC,CBJ2,C023,29.000000000000000,PEDESTAL DP,G06,4110.000000000000000,101.608785059919000,2.937165555783080
MSC,CBJ2,C023,32.000000000000000,PEDESTAL DP,G06,4015.000000000000000,101.609758902132000,2.937200877890810
MSC,CBJ2,C023,2.000000000000000,PEDESTAL DP,G06,3782.000000000000000,101.611531060111010,2.936088329044740
MSC,CBJ2,C023,4.000000000000000,PEDESTAL DP,G06,3841.000000000000000,101.610933603065010,2.936077051016630
MSC,CBJ2,C023,8.000000000000000,PEDESTAL DP,G06,3856.000000000000000,101.611079706740990,2.936664257496060
MSC,CBJ2,C023,11.000000000000000,PEDESTAL DP,G06,3838.000000000000000,101.611573399071010,2.937235934226170
MSC,CBJ2,C024,11.000000000000000,POLE-MOUNTED DP,,5792.880000000000100,101.599644929807000,2.951276824776580
MSC,CBJ2,C024,10.000000000000000,POLE-MOUNTED DP,,5784.449999999999800,101.599369373708000,2.950763544923790
MSC,CBJ2,C024,9.000000000000000,POLE-MOUNTED DP,,5831.890000000000300,101.598531370305000,2.950310242467770
MSC,CBJ2,C024,8.000000000000000,POLE-MOUNTED DP,,5848.569999999999700,101.598247790341010,2.950161365384690
MSC,CBJ2,C024,7.000000000000000,POLE-MOUNTED DP,,5881.020000000000400,101.597847882216000,2.950091423930860
MSC,CBJ2,C024,12.000000000000000,POLE-MOUNTED DP,,5820.510000000000200,101.599689658543990,2.951758858311870
MSC,CBJ2,C024,5.000000000000000,POLE-MOUNTED DP,,5841.159999999999900,101.599105050152000,2.951272603675080
MSC,CBJ2,C024,4.000000000000000,POLE-MOUNTED DP,,5889.899999999999600,101.598187515159000,2.950732463414800
MSC,CBJ2,C024,3.000000000000000,,,,,
,POLE-MOUNTED DP,,5909.050000000000200,400327.37368,326583.75294,,,
MSC,CBJ2,C024,2.000000000000000,POLE-MOUNTED DP,,5952.170000000000100,101.597859375254000,2.951243713447530
MSC,CBJ2,C024,1.000000000000000,POLE-MOUNTED DP,,6005.529999999999700,101.597876481287000,2.952100953246320
MSC,CBJ2,C024,6.000000000000000,POLE-MOUNTED DP,,5872.300000000000200,101.599183858097010,2.951859045756610
MSC,CBJ2,C026,13.000000000000000,POLE-MOUNTED DP,G04,1451.000000000000000,101.629531849497990,2.915516507697440
MSC,CBJ2,C026,29.000000000000000,POLE-MOUNTED DP,G04,1563.000000000000000,101.628682860642000,2.914997563107240
MSC,CBJ2,C026,2.000000000000000,POLE-MOUNTED DP,G04,1436.000000000000000,101.630680180223000,2.913518682636210
MSC,CBJ2,C026,24.000000000000000,POLE-MOUNTED DP,G04,1432.000000000000000,101.630091112446000,2.914665366407060
MSC,CBJ2,C026,22.000000000000000,POLE-MOUNTED DP,G04,1454.000000000000000,101.630114632068000,2.914165262022040
MSC,CBJ2,C026,4.000000000000000,POLE-MOUNTED DP,G04,1410.000000000000000,101.630648757137000,2.914012116607260
MSC,CBJ2,C026,3.000000000000000,POLE-MOUNTED DP,G04,1422.000000000000000,101.630659452446000,2.913782431995650
MSC,CBJ2,C026,26.000000000000000,POLE-MOUNTED DP,G04,1468.000000000000000,101.629586777843000,2.914991686735080
MSC,CBJ2,C026,25.000000000000000,POLE-MOUNTED DP,G04,1437.000000000000000,101.629942351076000,2.914991165418530
MSC,CBJ2,C026,19.000000000000000,POLE-MOUNTED DP,G04,1533.000000000000000,101.629391623203010,2.914020931349520
MSC,CBJ2,C026,11.000000000000000,POLE-MOUNTED DP,G04,1400.000000000000000,101.630023164497000,2.915509341481050
MSC,CBJ2,C026,17.000000000000000,POLE-MOUNTED DP,G04,1542.000000000000000,101.628657780772000,2.915527692037390
MSC,CBJ2,C026,12.000000000000000,EXTERNAL DP,G04,1431.000000000000000,101.629722585226010,2.915520368194340
MSC,CBJ2,C026,8.000000000000000,POLE-MOUNTED DP,G04,1365.000000000000000,101.630584744892000,2.915020414617860
MSC,CBJ2,C026,28.000000000000000,POLE-MOUNTED DP,G04,1518.000000000000000,101.629095080132000,2.914993452977400
MSC,CBJ2,C026,10.000000000000000,POLE-MOUNTED DP,G04,1377.000000000000000,101.630241515249000,2.915510397217500
MSC,CBJ2,C026,41.000000000000000,POLE-MOUNTED DP,G04,1587.000000000000000,101.628552106276000,2.914674155496770
MSC,CBJ2,C026,39.000000000000000,POLE-MOUNTED DP,G04,1609.000000000000000,101.628556280276000,2.914185281737280
MSC,CBJ2,C026,35.000000000000000,POLE-MOUNTED DP,G04,1656.000000000000000,101.628542423738000,2.913254040476430
MSC,CBJ2,C026,32.000000000000000,POLE-MOUNTED DP,G04,1540.000000000000000,101.629595513042010,2.913497654561730
MSC,CBJ2,C026,9.000000000000000,POLE-MOUNTED DP,G04,1350.000000000000000,101.630565060200990,2.915404547275270
MSC,CBJ2,C026,1.000000000000000,POLE-MOUNTED DP,G04,1445.000000000000000,101.630690706564000,2.913356949439130
MSC,CBJ2,C026,20.000000000000000,POLE-MOUNTED DP,G04,1516.000000000000000,101.629556302900990,2.914031963624840
MSC,CBJ2,C026,30.000000000000000,POLE-MOUNTED DP,G04,1493.000000000000000,101.630070378569000,2.913521950907340
MSC,CBJ2,C026,15.000000000000000,POLE-MOUNTED DP,G04,1499.000000000000000,101.629067450609000,2.915527387601730
MSC,CBJ2,C026,38.000000000000000,POLE-MOUNTED DP,G04,2648.000000000000000,101.628557951288000,2.913991414313630
MSC,CBJ2,C026,37.000000000000000,POLE-MOUNTED DP,G04,1633.000000000000000,101.628549002868000,2.913693206168570
MSC,CBJ2,C026,34.000000000000000,POLE-MOUNTED DP,G04,1583.000000000000000,101.629173022275000,2.913467520246750
MSC,CBJ2,C026,23.000000000000000,POLE-MOUNTED DP,G04,1443.000000000000000,101.630109522724990,2.914390872482510
MSC,CBJ2,C026,6.000000000000000,POLE-MOUNTED DP,G04,1386.000000000000000,101.630622979892000,2.914500902376970
MSC,CBJ2,C026,16.000000000000000,POLE-MOUNTED DP,G04,1525.000000000000000,101.628822137462000,2.915528943342330
MSC,CBJ2,C026,40.000000000000000,POLE-MOUNTED DP,G04,1599.000000000000000,101.628549824811000,2.914403712940500
MSC,CBJ2,C026,27.000000000000000,POLE-MOUNTED DP,G04,1490.000000000000000,101.629366932889990,2.914989266243160
MSC,CBJ2,C026,5.000000000000000,POLE-MOUNTED DP,G04,1397.000000000000000,101.630636256524990,2.914286552468460
MSC,CBJ2,C026,33.000000000000000,POLE-MOUNTED DP,G04,1564.000000000000000,101.629364163018000,2.913480628517440
MSC,CBJ2,C026,36.000000000000000,POLE-MOUNTED DP,G04,1644.000000000000000,101.628547838084000,2.913475597635900
MSC,CBJ2,C026,14.000000000000000,POLE-MOUNTED DP,G04,1474.000000000000000,101.629312744679000,2.915524389333200
MSC,CBJ2,C026,21.000000000000000,EXTERNAL DP,G04,1466.000000000000000,101.630132646150000,2.913906213221180
MSC,CBJ2,C026,31.000000000000000,POLE-MOUNTED DP,G04,1514.000000000000000,101.629854526793000,2.913508353619020
MSC,CBJ2,C026,7.000000000000000,POLE-MOUNTED DP,G04,1376.000000000000000,101.630605780619010,2.914750086906490
MSC,CBJ2,C026,18.000000000000000,POLE-MOUNTED DP,G04,1555.000000000000000,101.629175446939000,2.914007595346990
MSC,KLIA,C002,1.000000000000000,INTERNAL DP,G04,1291.000000000000000,101.732400614998990,2.759205347249250
MSC,KLIA,C002,4.000000000000000,INTERNAL DP,G04,1314.000000000000000,101.731723849887000,2.759636921780360
MSC,KLIA,C002,2.000000000000000,INTERNAL DP,G04,1298.000000000000000,101.732366037621010,2.759712003871020
MSC,KLIA,C002,3.000000000000000,INTERNAL DP,G04,1307.000000000000000,101.731774796607990,2.759121394580800
MSC,KLIA,C002,5.000000000000000,INTERNAL DP,G04,1452.000000000000000,101.738308739717990,2.751825799912750
MSC,KLIA,C003,8.000000000000000,INTERNAL DP,G01,2854.000000000000000,101.717703688421000,2.725290512104780
MSC,KLIA,C003,4.000000000000000,INTERNAL DP,G01,2057.000000000000000,101.713894218131000,2.735351392696310
MSC,KLIA,C003,3.000000000000000,INTERNAL DP,G01,2224.000000000000000,101.714047553622000,2.733354376111430
MSC,KLIA,C003,1.000000000000000,INTERNAL DP,G01,2068.000000000000000,101.712464156623000,2.736476369653550
MSC,KLIA,C003,6.000000000000000,INTERNAL DP,G01,1983.000000000000000,101.715242053165990,2.735179729046700
MSC,KLIA,C003,24.000000000000000,INTERNAL DP,G01,2014.000000000000000,101.712649266574000,2.736467982383840
MSC,KLIA,C003,5.000000000000000,INTERNAL DP,G01,2086.000000000000000,101.714887578928990,2.734167210093040
MSC,KLIA,C003,7.000000000000000,INTERNAL DP,G01,1964.000000000000000,101.714770804145000,2.735723108223010
MSC,KLIA,C003,2.000000000000000,INTERNAL DP,G01,2160.000000000000000,101.712866512704000,2.735026285682090
MSC,KLIA,C004,3.000000000000000,INTERNAL DP,G01,3984.000000000000000,101.693786794256990,2.766944949290940
MSC,KLIA,C004,4.000000000000000,POLE-MOUNTED DP,G01,3744.000000000000000,101.697774622927000,2.769325800197810
MSC,KLIA,C004,1.000000000000000,INTERNAL DP,G01,3452.000000000000000,101.699021413904010,2.766427193924250
MSC,KLIA,C004,9.000000000000000,POLE-MOUNTED DP,G01,3696.000000000000000,101.697475791540000,2.768047009639200
MSC,KLIA,C004,11.000000000000000,POLE-MOUNTED DP,G01,3821.000000000000000,101.696689403792010,2.768866665291750
MSC,KLIA,C004,10.000000000000000,POLE-MOUNTED DP,G01,3710.000000000000000,101.697291702700990,2.768251588395870
MSC,KLIA,C004,2.000000000000000,INTERNAL DP,G01,3473.000000000000000,101.698609139244990,2.766070412523300
MSC,KLIA,C004,5.000000000000000,POLE-MOUNTED DP,G01,3702.000000000000000,101.698037685565000,2.768552391030770
MSC,KLIA,C004,12.000000000000000,POLE-MOUNTED DP,G01,3809.000000000000000,101.696881983221000,2.768653695974950
MSC,KLIA,C004,8.000000000000000,POLE-MOUNTED DP,G01,3752.000000000000000,101.697564265038000,2.769072204511470
MSC,KLIA,C004,6.000000000000000,POLE-MOUNTED DP,G01,3712.000000000000000,101.697859614321000,2.768740353174960
MSC,KLIA,C004,7.000000000000000,POLE-MOUNTED DP,G01,3781.000000000000000,101.697335023449990,2.769311993455210
MSC,PUJ1,C002,19.000000000000000,PEDESTAL DP,,1243.619999999999900,101.704281974059000,2.930367158019960
MSC,PUJ1,C002,20.000000000000000,PEDESTAL DP,,1196.859999999999900,101.704620052819000,2.930620433192100
MSC,PUJ1,C002,21.000000000000000,PEDESTAL DP,,1169.680000000000100,101.704843645970000,2.930736377320870
MSC,PUJ1,C002,22.000000000000000,PEDESTAL DP,,1166.780000000000000,101.704888156486010,2.930724939047730
MSC,PUJ1,C002,23.000000000000000,PEDESTAL DP,,1230.150000000000100,101.704116054531990,2.930760648081450
MSC,PUJ1,C002,24.000000000000000,PEDESTAL DP,,1012.860000000000000,101.706736181369000,2.930827360956030
MSC,PUJ1,C002,25.000000000000000,PEDESTAL DP,,1011.230000000000000,101.706713129817000,2.930867704907480
MSC,PUJ1,C002,26.000000000000000,PEDESTAL DP,,993.419999999999960,101.706839174566000,2.930970436063300
MSC,PUJ1,C002,27.000000000000000,PEDESTAL DP,,991.240000000000010,101.706818983115000,2.931015115019350
MSC,PUJ1,C002,28.000000000000000,PEDESTAL DP,,1068.809999999999900,101.706174051906000,2.930658687373310
MSC,PUJ1,C002,29.000000000000000,PEDESTAL DP,,1067.010000000000000,101.706153867005000,2.930700480769870
MSC,PUJ1,C002,30.000000000000000,PEDESTAL DP,,1054.559999999999900,101.706347654363000,2.930672077442410
MSC,PUJ1,C002,31.000000000000000,PEDESTAL DP,,1052.579999999999900,101.706327466184010,2.930715313612920
MSC,PUJ1,C002,32.000000000000000,PEDESTAL DP,,1114.339999999999900,101.705795684900000,2.930452930232740
MSC,PUJ1,C002,33.000000000000000,PEDESTAL DP,,1112.829999999999900,101.705774068301000,2.930493277499420
MSC,PUJ1,C002,34.000000000000000,PEDESTAL DP,,1000.030000000000000,101.706130315775000,2.931590618553710
MSC,PUJ1,C002,35.000000000000000,PEDESTAL DP,,1061.470000000000000,101.705707812434000,2.931231824014430
MSC,PUJ1,C002,36.000000000000000,PEDESTAL DP,,1056.839999999999900,101.705752267125010,2.931244912760000
MSC,PUJ1,C002,37.000000000000000,PEDESTAL DP,,1098.430000000000100,101.705189579090000,2.931321509091450
MSC,PUJ1,C002,38.000000000000000,PEDESTAL DP,,1094.490000000000000,101.705236936585000,2.931320176882360
MSC,PUJ1,C002,39.000000000000000,PEDESTAL DP,,1172.849999999999900,101.704229241611000,2.931467872300030
MSC,PUJ1,C002,40.000000000000000,PEDESTAL DP,,1071.650000000000100,101.705098025365000,2.931826266807290
MSC,PUJ1,C002,41.000000000000000,PEDESTAL DP,,1069.280000000000000,101.705141123965010,2.931804725804700
MSC,PUJ1,C002,42.000000000000000,PEDESTAL DP,,1196.859999999999900,101.703905099333990,2.931553320920130
MSC,PUJ1,C002,43.000000000000000,PEDESTAL DP,,1261.770000000000000,101.703308151611000,2.931393581587680
MSC,PUJ1,C002,44.000000000000000,PEDESTAL DP,,1076.700000000000000,101.704801657571000,2.932160298696390
MSC,PUJ1,C002,45.000000000000000,PEDESTAL DP,,1230.240000000000000,101.703242107372010,2.932038347670790
MSC,PUJ1,C002,46.000000000000000,PEDESTAL DP,,1225.089999999999900,101.703286555461010,2.932054322072840
MSC,PUJ1,C002,47.000000000000000,INTERNAL DP,,711.039999999999960,101.709195136713010,2.932356666984510
MSC,PUJ1,C002,48.000000000000000,PEDESTAL DP,,1147.400000000000100,101.703492120601000,2.933154197241270
MSC,PUJ1,C002,49.000000000000000,PEDESTAL DP,,1142.730000000000000,101.703540919733000,2.933149982960280
MSC,PUJ1,C002,50.000000000000000,PEDESTAL DP,,987.880000000000000,101.705518304995000,2.932531322722300
MSC,PUJ1,C002,51.000000000000000,PEDESTAL DP,,984.500000000000000,101.705565692129990,2.932517005595410
MSC,PUJ1,C002,52.000000000000000,PEDESTAL DP,,1995.720000000000000,101.696434407012010,2.930217504536520
MSC,PUJ1,C002,53.000000000000000,PEDESTAL DP,,1329.359999999999900,101.703565276171010,2.930019217976300
MSC,PUJ1,C002,54.000000000000000,PEDESTAL DP,,1207.490000000000000,101.705341018768000,2.929724710216340
MSC,PUJ1,C002,55.000000000000000,PEDESTAL DP,,1302.339999999999900,101.704456389499000,2.929393692247690
MSC,PUJ1,C002,56.000000000000000,PEDESTAL DP,,1193.819999999999900,101.704665998305000,2.930608998280150
MSC,PUJ1,C002,57.000000000000000,PEDESTAL DP,,608.809999999999950,101.708607096824000,2.934115484679140
MSC,PUJ1,C002,58.000000000000000,PEDESTAL DP,,404.029999999999970,101.709156456215000,2.937376001536100
MSC,PUJ1,C002,59.000000000000000,PEDESTAL DP,,360.569999999999990,101.709537164990000,2.937815494048790
MSC,PUJ1,C002,1.000000000000000,PEDESTAL DP,,1696.760000000000000,101.699027004002010,2.931025759674650
MSC,PUJ1,C002,2.000000000000000,PEDESTAL DP,,1691.940000000000100,101.699074354836000,2.931027313311680
MSC,PUJ1,C002,3.000000000000000,PEDESTAL DP,,1772.099999999999900,101.698617482722000,2.930325055857020
MSC,PUJ1,C002,4.000000000000000,PEDESTAL DP,,1611.200000000000000,101.699924754682000,2.930951394190980
MSC,PUJ1,C002,5.000000000000000,PEDESTAL DP,,1606.460000000000000,101.699972105521990,2.930952947781310
MSC,PUJ1,C002,6.000000000000000,PEDESTAL DP,,1722.250000000000000,101.699870933536000,2.929069891880200
MSC,PUJ1,C002,7.000000000000000,PEDESTAL DP,,1313.720000000000000,101.703567643023010,2.930239968033860
MSC,PUJ1,C002,8.000000000000000,PEDESTAL DP,,1316.920000000000100,101.703567748247000,2.930193799488740
MSC,PUJ1,C002,9.000000000000000,PEDESTAL DP,,1283.390000000000100,101.703710548554000,2.930500001347890
MSC,PUJ1,C002,10.000000000000000,PEDESTAL DP,,1286.420000000000100,101.703712088748010,2.930453836151150
MSC,PUJ1,C002,11.000000000000000,PEDESTAL DP,,1342.619999999999900,101.703847694795000,2.929509135465280
MSC,PUJ1,C002,12.000000000000000,PEDESTAL DP,,1343.270000000000000,101.704287867956000,2.929039818919780
MSC,PUJ1,C002,13.000000000000000,PEDESTAL DP,,1367.940000000000100,101.703996617919000,2.929017497148610
MSC,PUJ1,C002,14.000000000000000,PEDESTAL DP,,1368.119999999999900,101.704026827934000,2.928984383886620
MSC,PUJ1,C002,15.000000000000000,PEDESTAL DP,,1212.430000000000100,101.705305206850000,2.929697213895140
MSC,PUJ1,C002,16.000000000000000,PEDESTAL DP,,1282.890000000000100,101.704455814350990,2.929646176506760
MSC,PUJ1,C002,17.000000000000000,PEDESTAL DP,,1297.130000000000100,101.704175738199000,2.929758058892060
MSC,PUJ1,C002,18.000000000000000,PEDESTAL DP,,1298.150000000000100,101.704200224782000,2.929717718383410
MSC,PUJ1,C005,4.000000000000000,INTERNAL DP,G01,2880.000000000000000,101.690297403341010,2.950975079954700
MSC,PUJ1,C005,29.000000000000000,PEDESTAL DP,G01,2951.000000000000000,101.687587060225990,2.946662003359920
MSC,PUJ1,C005,38.000000000000000,PEDESTAL DP,G01,3210.000000000000000,101.684544887154000,2.944604888646710
MSC,PUJ1,C005,26.000000000000000,PEDESTAL DP,G01,3181.000000000000000,101.685948041911000,2.948206755069370
MSC,PUJ1,C005,28.000000000000000,PEDESTAL DP,G01,3012.000000000000000,101.687377628346000,2.947691995433750
MSC,PUJ1,C005,27.000000000000000,PEDESTAL DP,G01,3065.000000000000000,101.687065450349000,2.948185426127750
MSC,PUJ1,C005,7.000000000000000,PEDESTAL DP,G01,3373.000000000000000,101.685982604586000,2.952362775830730
MSC,PUJ1,C005,42.000000000000000,PEDESTAL DP,G01,3232.000000000000000,101.684092690786000,2.943496177113280
MSC,PUJ1,C005,44.000000000000000,PEDESTAL DP,G01,3022.000000000000000,101.685768167875000,2.942153818804080
MSC,PUJ1,C005,37.000000000000000,PEDESTAL DP,G01,3217.000000000000000,101.684426464165000,2.944377236320060
MSC,PUJ1,C005,36.000000000000000,PEDESTAL DP,G01,3176.000000000000000,101.684968926363990,2.945024271082300
MSC,PUJ1,C005,34.000000000000000,PEDESTAL DP,G01,3138.000000000000000,101.685339786298000,2.945116567558920
MSC,PUJ1,C005,33.000000000000000,PEDESTAL DP,G01,3129.000000000000000,101.685410462177000,2.945060356876900
MSC,PUJ1,C005,14.000000000000000,PEDESTAL DP,G01,3484.000000000000000,101.685427584669000,2.953427447618410
MSC,PUJ1,C005,11.000000000000000,PEDESTAL DP,G01,3442.000000000000000,101.686540022046000,2.954539493695950
MSC,PUJ1,C005,35.000000000000000,PEDESTAL DP,G01,3198.000000000000000,101.684729018258000,2.944906337672060
MSC,PUJ1,C005,17.000000000000000,PEDESTAL DP,G01,3385.000000000000000,101.685236529757010,2.951161811168510
MSC,PUJ1,C005,13.000000000000000,PEDESTAL DP,G01,3461.000000000000000,101.685980243662000,2.953956969195560
MSC,PUJ1,C005,10.000000000000000,PEDESTAL DP,G01,3194.000000000000000,101.687149260250000,2.951140660685540
MSC,PUJ1,C005,3.000000000000000,INTERNAL DP,G01,2961.000000000000000,101.689348527875000,2.950789259492690
MSC,PUJ1,C005,43.000000000000000,PEDESTAL DP,G01,3227.000000000000000,101.684183702954000,2.943705822301830
MSC,PUJ1,C005,32.000000000000000,PEDESTAL DP,G01,3008.000000000000000,101.686295576472010,2.944128047725620
MSC,PUJ1,C005,24.000000000000000,PEDESTAL DP,G01,3259.000000000000000,101.684565889352000,2.946365824990880
MSC,PUJ1,C005,5.000000000000000,PEDESTAL DP,G01,3335.000000000000000,101.687468500932990,2.954197559641390
MSC,PUJ1,C005,46.000000000000000,PEDESTAL DP,G01,2960.000000000000000,101.686505307098000,2.943053933903410
MSC,PUJ1,C005,22.000000000000000,PEDESTAL DP,G01,3192.000000000000000,101.685085842343990,2.946007734270510
MSC,PUJ1,C005,21.000000000000000,PEDESTAL DP,G01,3126.000000000000000,101.685767657002000,2.946180818127950
MSC,PUJ1,C005,15.000000000000000,PEDESTAL DP,G01,3460.000000000000000,101.685225909199000,2.952612318397850
MSC,PUJ1,C005,9.000000000000000,PEDESTAL DP,G01,3353.000000000000000,101.686117276278000,2.952241738265210
MSC,PUJ1,C005,2.000000000000000,PEDESTAL DP,G01,3099.000000000000000,101.690417547935000,2.954702517034960
MSC,PUJ1,C005,19.000000000000000,INTERNAL DP,G01,2915.000000000000000,101.686910539067990,2.943035319161720
MSC,PUJ1,C005,20.000000000000000,INTERNAL DP,G01,2909.000000000000000,101.686965203856000,2.943014322316110
MSC,PUJ1,C005,41.000000000000000,PEDESTAL DP,G01,3211.000000000000000,101.684182690152000,2.942958561184430
MSC,PUJ1,C005,45.000000000000000,PEDESTAL DP,G01,2966.000000000000000,101.686456252206000,2.943080080681750
MSC,PUJ1,C005,31.000000000000000,PEDESTAL DP,G01,2938.000000000000000,101.687094460233000,2.944706620701310
MSC,PUJ1,C005,12.000000000000000,PEDESTAL DP,G01,3395.000000000000000,101.687152659917000,2.954698370374930
MSC,PUJ1,C005,6.000000000000000,PEDESTAL DP,G01,3313.000000000000000,101.687645358097000,2.954100333614260
MSC,PUJ1,C005,8.000000000000000,PEDESTAL DP,G01,3368.000000000000000,101.686020258360000,2.952342769944980
MSC,PUJ1,C005,1.000000000000000,PEDESTAL DP,G01,2680.000000000000000,101.693022490101000,2.951871058534520
MSC,PUJ1,C005,18.000000000000000,INTERNAL DP,G01,2921.000000000000000,101.686860065134000,2.943060540177180
MSC,PUJ1,C005,39.000000000000000,PEDESTAL DP,G01,3223.000000000000000,101.683967891603000,2.942323351398870
MSC,PUJ1,C005,30.000000000000000,PEDESTAL DP,G01,2972.000000000000000,101.686913704092010,2.945201310744640
MSC,PUJ1,C005,16.000000000000000,PEDESTAL DP,G01,3474.000000000000000,101.684780168107000,2.952038383250380
MSC,PUJ1,C005,23.000000000000000,PEDESTAL DP,G01,3261.000000000000000,101.684538981115000,2.946332725382190
MSC,PUJ1,C005,25.000000000000000,PEDESTAL DP,G01,3237.000000000000000,101.684794753335000,2.946432473661700
MSC,PUJ1,C005,40.000000000000000,PEDESTAL DP,G01,3203.000000000000000,101.684201743623010,2.942629511745820
MSC,PUJ1,C006,16.000000000000000,PEDESTAL DP,,3646.150000000000100,101.681656359652000,2.948085935876140
MSC,PUJ1,C006,13.000000000000000,PEDESTAL DP,,3633.309999999999900,101.681740236402010,2.947971105931370
MSC,PUJ1,C006,17.000000000000000,PEDESTAL DP,,3619.090000000000100,101.682049007759010,2.948485217342360
MSC,PUJ1,C006,18.000000000000000,PEDESTAL DP,,3616.030000000000200,101.682088664858000,2.948515479754540
MSC,PUJ1,C006,19.000000000000000,PEDESTAL DP,,3602.790000000000000,101.682162277158000,2.948363941698790
MSC,PUJ1,C006,20.000000000000000,PEDESTAL DP,,3599.889999999999900,101.682201480987000,2.948397604413180
MSC,PUJ1,C006,21.000000000000000,PEDESTAL DP,,3542.199999999999800,101.682542676458000,2.947786251648380
MSC,PUJ1,C006,22.000000000000000,PEDESTAL DP,,3545.020000000000000,101.682505432141990,2.947754568294760
MSC,PUJ1,C006,23.000000000000000,PEDESTAL DP,,3530.900000000000100,101.682808149009010,2.948251846133310
MSC,PUJ1,C006,24.000000000000000,PEDESTAL DP,,3575.650000000000100,101.682655641657010,2.949016264671700
MSC,PUJ1,C006,25.000000000000000,PEDESTAL DP,,3549.880000000000100,101.682905196853990,2.949021375596350
MSC,PUJ1,C006,26.000000000000000,PEDESTAL DP,,3498.059999999999900,101.683475847504000,2.949208086973210
MSC,PUJ1,C006,27.000000000000000,PEDESTAL DP,,3492.070000000000200,101.683527595813000,2.949192385603300
MSC,PUJ1,C006,28.000000000000000,PEDESTAL DP,,3488.659999999999900,101.683489796323000,2.949009194040590
MSC,PUJ1,C006,29.000000000000000,PEDESTAL DP,,3419.960000000000000,101.683918408926000,2.948390823813860
MSC,PUJ1,C006,30.000000000000000,PEDESTAL DP,,3410.020000000000000,101.684070941524990,2.948544899602580
MSC,PUJ1,C006,31.000000000000000,PEDESTAL DP,,3384.489999999999800,101.684070251397000,2.947869002044960
MSC,PUJ1,C006,32.000000000000000,PEDESTAL DP,,3384.150000000000100,101.684056870812000,2.947821499491410
MSC,PUJ1,C006,33.000000000000000,PEDESTAL DP,,3471.210000000000000,101.683182575516990,2.947686063236790
MSC,PUJ1,C006,34.000000000000000,PEDESTAL DP,,3402.090000000000100,101.683747538491010,2.947413874995460
MSC,PUJ1,C006,1.000000000000000,PEDESTAL DP,,3665.079999999999900,101.681187259029000,2.947159166240650
MSC,PUJ1,C006,2.000000000000000,PEDESTAL DP,,3653.130000000000100,101.681208214072000,2.946847264133990
MSC,PUJ1,C006,3.000000000000000,PEDESTAL DP,,3657.679999999999800,101.681176648712000,2.946885618312100
MSC,PUJ1,C006,4.000000000000000,PEDESTAL DP,,3563.050000000000200,101.681989443168010,2.946630988129660
MSC,PUJ1,C006,5.000000000000000,PEDESTAL DP,,3568.380000000000100,101.681940100697010,2.946632855697060
MSC,PUJ1,C006,6.000000000000000,PEDESTAL DP,,3526.929999999999800,101.682374673793010,2.946790683283100
MSC,PUJ1,C006,7.000000000000000,PEDESTAL DP,,3484.010000000000200,101.682882015122000,2.947130960334480
MSC,PUJ1,C006,8.000000000000000,PEDESTAL DP,,3438.949999999999800,101.683070430554000,2.946349265539880
MSC,PUJ1,C006,9.000000000000000,PEDESTAL DP,,3441.050000000000200,101.683065813997000,2.946401246595730
MSC,PUJ1,C006,10.000000000000000,PEDESTAL DP,,3424.630000000000100,101.683216478351990,2.946390299962590
MSC,PUJ1,C006,11.000000000000000,PEDESTAL DP,,3426.429999999999800,101.683214115347990,2.946440025825460
MSC,PUJ1,C006,12.000000000000000,PEDESTAL DP,,3453.920000000000100,101.683119462501000,2.946982880368450
MSC,PUJ1,C006,14.000000000000000,PEDESTAL DP,,3577.409999999999900,101.682162751327990,2.947643346570550
MSC,PUJ1,C006,15.000000000000000,PEDESTAL DP,,3580.219999999999800,101.682125332317000,2.947609526481380
MSC,PUJ1,C008,1.000000000000000,INTERNAL DP,,4447.699999999999800,101.673441854763990,2.930352634211230
MSC,PUJ1,C008,39.000000000000000,INTERNAL DP,,4502.170000000000100,101.673594442059000,2.927400931575340
MSC,PUJ1,C008,3.000000000000000,INTERNAL DP,,4352.229999999999600,101.674083648433000,2.931712044769060
MSC,PUJ1,C008,4.000000000000000,INTERNAL DP,,4583.270000000000400,101.671764738590990,2.941884151504110
MSC,PUJ1,C008,5.000000000000000,PEDESTAL DP,,4630.489999999999800,101.671257526782000,2.940986858247010
MSC,PUJ1,C008,6.000000000000000,PEDESTAL DP,,4625.840000000000100,101.671296871934000,2.940953453005060
MSC,PUJ1,C008,7.000000000000000,PEDESTAL DP,,4585.790000000000000,101.671688119295990,2.941313894184340
MSC,PUJ1,C008,8.000000000000000,PEDESTAL DP,,4579.619999999999900,101.671741721386000,2.941290093809530
MSC,PUJ1,C008,9.000000000000000,PEDESTAL DP,,4758.000000000000000,101.670402203143990,2.943707191013050
MSC,PUJ1,C008,10.000000000000000,PEDESTAL DP,,4757.909999999999900,101.670396364480990,2.943659321908940
MSC,PUJ1,C008,11.000000000000000,PEDESTAL DP,,4697.399999999999600,101.670950796215000,2.943692941267760
MSC,PUJ1,C008,12.000000000000000,PEDESTAL DP,,4694.850000000000400,101.670896200953000,2.943118548754440
MSC,PUJ1,C008,13.000000000000000,PEDESTAL DP,,4723.909999999999900,101.670528202795000,2.942225174681650
MSC,PUJ1,C008,14.000000000000000,PEDESTAL DP,,4726.449999999999800,101.670510245719000,2.942271790868440
MSC,PUJ1,C008,15.000000000000000,PEDESTAL DP,,4663.359999999999700,101.671066263120000,2.942134331272720
MSC,PUJ1,C008,16.000000000000000,PEDESTAL DP,,4660.850000000000400,101.671084217392010,2.942088911442720
MSC,PUJ1,C008,17.000000000000000,PEDESTAL DP,,4312.920000000000100,101.674135513553000,2.934240715983630
MSC,PUJ1,C008,18.000000000000000,PEDESTAL DP,,4244.880000000000100,101.674700517435990,2.934846226433910
MSC,PUJ1,C008,19.000000000000000,PEDESTAL DP,,4241.760000000000200,101.674725403381000,2.934890551452520
MSC,PUJ1,C008,20.000000000000000,PEDESTAL DP,,4272.790000000000000,101.674369942566000,2.936293063450210
MSC,PUJ1,C008,21.000000000000000,PEDESTAL DP,,4266.970000000000300,101.674422293503000,2.936295580257850
MSC,PUJ1,C008,22.000000000000000,PEDESTAL DP,,4257.689999999999600,101.674528220910010,2.935770620234590
MSC,PUJ1,C008,23.000000000000000,PEDESTAL DP,,4252.000000000000000,101.674579387433990,2.935770741458900
MSC,PUJ1,C008,24.000000000000000,PEDESTAL DP,,4295.630000000000100,101.674228847938000,2.935044904496140
MSC,PUJ1,C008,25.000000000000000,PEDESTAL DP,,4434.409999999999900,101.672970849981990,2.935151989904030
MSC,PUJ1,C008,26.000000000000000,PEDESTAL DP,,4434.869999999999900,101.672969770790000,2.935104132155800
MSC,PUJ1,C008,27.000000000000000,PEDESTAL DP,,4435.550000000000200,101.673027678759990,2.934247661602400
MSC,PUJ1,C008,28.000000000000000,PEDESTAL DP,,4378.399999999999600,101.673539226787990,2.934299122017850
MSC,PUJ1,C008,29.000000000000000,PEDESTAL DP,,4350.260000000000200,101.673762040244990,2.934684884355230
MSC,PUJ1,C008,30.000000000000000,INTERNAL DP,,4318.619999999999900,101.673935915052000,2.937194105722590
MSC,PUJ1,C008,31.000000000000000,PEDESTAL DP,,4378.460000000000000,101.673474152089000,2.935167539539540
MSC,PUJ1,C008,32.000000000000000,PEDESTAL DP,,4314.239999999999800,101.674018935543000,2.935769413474410
MSC,PUJ1,C008,33.000000000000000,INTERNAL DP,,4205.689999999999600,101.675107728797000,2.941167672053530
MSC,PUJ1,C008,34.000000000000000,INTERNAL DP,,4223.000000000000000,101.674935599096000,2.940990199595900
MSC,PUJ1,C008,35.000000000000000,INTERNAL DP,,4211.930000000000300,101.674954853868000,2.939868039351650
MSC,PUJ1,C008,36.000000000000000,PEDESTAL DP,,4758.170000000000100,101.670489460041000,2.944307981534070
MSC,PUJ1,C008,37.000000000000000,PEDESTAL DP,,4307.569999999999700,101.674182479316000,2.934256380195720
MSC,PUJ1,C008,38.000000000000000,INTERNAL DP,,4578.359999999999700,101.671810517493000,2.941898616746660
MSC,PUJ1,C008,2.000000000000000,INTERNAL DP,,4142.989999999999800,101.676141875347990,2.930826811027710
MSC,PUJ1,C011,26.000000000000000,PEDESTAL DP,,3567.329999999999900,101.680898248914000,2.934017732577720
MSC,PUJ1,C011,25.000000000000000,PEDESTAL DP,,3578.150000000000100,101.680782228364000,2.934180493411440
MSC,PUJ1,C011,27.000000000000000,PEDESTAL DP,,3569.010000000000200,101.680888297713000,2.933972210972870
MSC,PUJ1,C011,28.000000000000000,PEDESTAL DP,,3506.780000000000200,101.681407787603010,2.934369018561200
MSC,PUJ1,C011,29.000000000000000,PEDESTAL DP,,3470.860000000000100,101.681703783605000,2.934655344531870
MSC,PUJ1,C011,30.000000000000000,PEDESTAL DP,,3465.690000000000100,101.681751576169010,2.934644082845760
MSC,PUJ1,C011,31.000000000000000,PEDESTAL DP,,3354.540000000000000,101.683276455571000,2.931316208344250
MSC,PUJ1,C011,32.000000000000000,PEDESTAL DP,,3349.639999999999900,101.683315355835010,2.931345368327210
MSC,PUJ1,C011,33.000000000000000,PEDESTAL DP,,3408.750000000000000,101.682777415790000,2.931318822713430
MSC,PUJ1,C011,34.000000000000000,PEDESTAL DP,,3410.739999999999800,101.682750928492000,2.931357939148450
MSC,PUJ1,C011,35.000000000000000,PEDESTAL DP,,3388.130000000000100,101.683114563269000,2.930656104002530
MSC,PUJ1,C011,36.000000000000000,PEDESTAL DP,,3383.110000000000100,101.683154726325990,2.930682739286810
MSC,PUJ1,C011,37.000000000000000,PEDESTAL DP,,3250.670000000000100,101.684004149868000,2.932459168899320
MSC,PUJ1,C011,38.000000000000000,INTERNAL DP,,3585.809999999999900,101.681313503544000,2.930553275200480
MSC,PUJ1,C011,39.000000000000000,PEDESTAL DP,,3413.199999999999800,101.682376712548010,2.933379194296270
MSC,PUJ1,C011,40.000000000000000,PEDESTAL DP,,3408.369999999999900,101.682416875676000,2.933405829649900
MSC,PUJ1,C011,41.000000000000000,PEDESTAL DP,,3433.219999999999800,101.682189325238990,2.933419194798150
MSC,PUJ1,C011,42.000000000000000,PEDESTAL DP,,3435.570000000000200,101.682162840747000,2.933457047380670
MSC,PUJ1,C011,43.000000000000000,PEDESTAL DP,,3381.380000000000100,101.682710523883000,2.933074133596670
MSC,PUJ1,C011,44.000000000000000,PEDESTAL DP,,3376.639999999999900,101.682749427094000,2.933102029797050
MSC,PUJ1,C011,45.000000000000000,PEDESTAL DP,,3373.880000000000100,101.682796262287000,2.932960590611420
MSC,PUJ1,C011,46.000000000000000,PEDESTAL DP,,3369.360000000000100,101.682832645664010,2.932991008534760
MSC,PUJ1,C011,47.000000000000000,PEDESTAL DP,,3429.150000000000100,101.682352131561000,2.932590502362110
MSC,PUJ1,C011,48.000000000000000,PEDESTAL DP,,3424.489999999999800,101.682389774825000,2.932619659430650
MSC,PUJ1,C011,49.000000000000000,PEDESTAL DP,,3480.980000000000000,101.681825913850010,2.932931760007200
MSC,PUJ1,C011,50.000000000000000,PEDESTAL DP,,3493.869999999999900,101.681674540204000,2.933162684695570
MSC,PUJ1,C011,51.000000000000000,PEDESTAL DP,,3491.119999999999900,101.681704792812990,2.933126104863690
MSC,PUJ1,C011,57.000000000000000,PEDESTAL DP,,1329.430000000000100,101.683259136741000,2.929829264258940
MSC,PUJ1,C011,53.000000000000000,PEDESTAL DP,,0.000000000000000,101.684006318527000,2.929604167332820
MSC,PUJ1,C011,54.000000000000000,PEDESTAL DP,,0.000000000000000,101.685167798886990,2.930696331779170
MSC,PUJ1,C011,55.000000000000000,PEDESTAL DP,,0.000000000000000,101.685259271346990,2.931368908559430
MSC,PUJ1,C011,56.000000000000000,PEDESTAL DP,,1390.030000000000000,101.684009592059990,2.930366900238960
MSC,PUJ1,C011,52.000000000000000,INTERNAL DP,,5123.869999999999900,101.673843156202000,2.912887848554200
MSC,PUJ1,C011,1.000000000000000,PEDESTAL DP,,3543.530000000000200,101.680994654131000,2.935275477428420
MSC,PUJ1,C011,2.000000000000000,PEDESTAL DP,,3549.170000000000100,101.680943094870000,2.935284834414140
MSC,PUJ1,C011,3.000000000000000,PEDESTAL DP,,3531.940000000000100,101.681085994914000,2.935458317557060
MSC,PUJ1,C011,4.000000000000000,PEDESTAL DP,,3537.449999999999800,101.681035694109990,2.935467045600230
MSC,PUJ1,C011,5.000000000000000,PEDESTAL DP,,3403.480000000000000,101.682263130273990,2.935212121340550
MSC,PUJ1,C011,6.000000000000000,PEDESTAL DP,,3409.090000000000100,101.682211566649000,2.935223374146400
MSC,PUJ1,C011,7.000000000000000,PEDESTAL DP,,3382.750000000000000,101.682472399502000,2.934949737249240
MSC,PUJ1,C011,8.000000000000000,PEDESTAL DP,,3387.940000000000100,101.682424606922000,2.934960998971770
MSC,PUJ1,C011,9.000000000000000,PEDESTAL DP,,3353.659999999999900,101.682808421696000,2.934230775190460
MSC,PUJ1,C011,10.000000000000000,PEDESTAL DP,,3346.719999999999800,101.682872555352010,2.934219552000040
MSC,PUJ1,C011,11.000000000000000,PEDESTAL DP,,3353.389999999999900,101.682786543216000,2.934451895013350
MSC,PUJ1,C011,12.000000000000000,PEDESTAL DP,,3348.409999999999900,101.682833084577990,2.934438102639080
MSC,PUJ1,C011,13.000000000000000,PEDESTAL DP,,3719.179999999999800,101.679534610834000,2.933920987031400
MSC,PUJ1,C011,14.000000000000000,PEDESTAL DP,,3648.400000000000100,101.680142312024000,2.934221952123690
MSC,PUJ1,C011,15.000000000000000,PEDESTAL DP,,3643.250000000000000,101.680190104567000,2.934210690518850
MSC,PUJ1,C011,16.000000000000000,PEDESTAL DP,,3599.869999999999900,101.680515312596000,2.934911624052510
MSC,PUJ1,C011,17.000000000000000,PEDESTAL DP,,3594.119999999999900,101.680568130300000,2.934901638142300
MSC,PUJ1,C011,18.000000000000000,PEDESTAL DP,,3635.699999999999800,101.680198729832990,2.934831254397560
MSC,PUJ1,C011,19.000000000000000,PEDESTAL DP,,3693.469999999999800,101.679823549730000,2.933451522942660
MSC,PUJ1,C011,20.000000000000000,PEDESTAL DP,,3610.670000000000100,101.680565017991000,2.933525313276460
MSC,PUJ1,C011,21.000000000000000,PEDESTAL DP,,3615.090000000000100,101.680528631778000,2.933496159102630
MSC,PUJ1,C011,22.000000000000000,PEDESTAL DP,,3638.960000000000000,101.680266303050000,2.933873426345260
MSC,PUJ1,C011,23.000000000000000,PEDESTAL DP,,3637.420000000000100,101.680274997211000,2.933918944978560
MSC,PUJ1,C011,24.000000000000000,PEDESTAL DP,,3576.369999999999900,101.680793436568000,2.934226017987510
MSC,PUJ1,C016,51.000000000000000,INTERNAL DP,,3552.219999999999800,101.690254500818000,2.914897694960280
MSC,PUJ1,C017,6.000000000000000,PEDESTAL DP,,260.630000000000000,101.714231246637000,2.935834294057650
MSC,PUJ1,C017,10.000000000000000,PEDESTAL DP,,397.860000000000010,101.713643678829000,2.934192409287020
MSC,PUJ1,C017,13.000000000000000,PEDESTAL DP,,376.690000000000000,101.714159795703000,2.934573305631490
MSC,PUJ1,C017,17.000000000000000,PEDESTAL DP,,338.690000000000000,101.714407171819000,2.935095600500700
MSC,PUJ1,C017,16.000000000000000,PEDESTAL DP,,294.500000000000000,101.713981310259000,2.935311026946070
MSC,PUJ1,C017,20.000000000000000,PEDESTAL DP,,491.639999999999990,101.716074919205990,2.934720747824630
MSC,PUJ1,C017,27.000000000000000,PEDESTAL DP,,443.209999999999980,101.716421667395000,2.936058058123650
MSC,PUJ1,C017,32.000000000000000,PEDESTAL DP,,555.429999999999950,101.717618902140000,2.938924503773240
MSC,PUJ1,C017,35.000000000000000,PEDESTAL DP,,396.269999999999980,101.716299495268000,2.938236116264680
MSC,PUJ1,C017,36.000000000000000,PEDESTAL DP,,413.839999999999970,101.716463561334000,2.938206869069760
MSC,PUJ1,C017,37.000000000000000,PEDESTAL DP,,411.149999999999980,101.716445734947000,2.938157876117980
MSC,PUJ1,C017,39.000000000000000,PEDESTAL DP,,328.940000000000000,101.715677360627000,2.938275248132710
MSC,PUJ1,C017,46.000000000000000,PEDESTAL DP,,374.430000000000010,101.715706942951000,2.939354826616470
MSC,PUJ1,C017,3.000000000000000,PEDESTAL DP,,232.440000000000000,101.714486700400000,2.936472700197030
MSC,PUJ1,C017,2.000000000000000,PEDESTAL DP,,243.639999999999990,101.714799773020000,2.936833968910690
MSC,PUJ1,C017,4.000000000000000,PEDESTAL DP,,277.079999999999980,101.714718132082000,2.936111100586300
MSC,PUJ1,C017,5.000000000000000,PEDESTAL DP,,271.680000000000010,101.714673239072000,2.936132895524570
MSC,PUJ1,C017,8.000000000000000,PEDESTAL DP,,308.190000000000000,101.714641090048000,2.935620118465050
MSC,PUJ1,C017,9.000000000000000,PEDESTAL DP,,345.480000000000020,101.714959205046990,2.935458545434690
MSC,PUJ1,C017,11.000000000000000,PEDESTAL DP,,401.290000000000020,101.713686007815990,2.934171252523120
MSC,PUJ1,C017,12.000000000000000,PEDESTAL DP,,356.449999999999990,101.713950063037000,2.934683280620850
MSC,PUJ1,C017,14.000000000000000,PEDESTAL DP,,380.509999999999990,101.714200199195010,2.934553754610790
MSC,PUJ1,C017,15.000000000000000,PEDESTAL DP,,406.839999999999970,101.714463162258000,2.934417817366700
MSC,PUJ1,C017,18.000000000000000,PEDESTAL DP,,343.319999999999990,101.714450143651010,2.935073479051760
MSC,PUJ1,C017,19.000000000000000,PEDESTAL DP,,492.459999999999980,101.715667777848000,2.934308544799660
MSC,PUJ1,C017,21.000000000000000,PEDESTAL DP,,505.680000000000010,101.716320063559000,2.934815033798450
MSC,PUJ1,C017,22.000000000000000,PEDESTAL DP,,463.350000000000020,101.716218982462000,2.935319772163520
MSC,PUJ1,C017,23.000000000000000,PEDESTAL DP,,449.639999999999990,101.716190383498000,2.935501341497030
MSC,PUJ1,C017,24.000000000000000,PEDESTAL DP,,390.690000000000000,101.715678740399000,2.935689517301760
MSC,PUJ1,C017,25.000000000000000,PEDESTAL DP,,394.019999999999980,101.715681413872010,2.935640572030120
MSC,PUJ1,C017,26.000000000000000,PEDESTAL DP,,405.329999999999980,101.716023938573000,2.936014945337830
MSC,PUJ1,C017,28.000000000000000,PEDESTAL DP,,253.000000000000000,101.715035525133000,2.937397459324880
MSC,PUJ1,C017,29.000000000000000,PEDESTAL DP,,272.019999999999980,101.715221668534000,2.937802386160190
MSC,PUJ1,C017,30.000000000000000,PEDESTAL DP,,237.800000000000010,101.714899732310000,2.937953644701560
MSC,PUJ1,C017,31.000000000000000,PEDESTAL DP,,220.240000000000010,101.714754577035000,2.937553965944000
MSC,PUJ1,C017,33.000000000000000,PEDESTAL DP,,559.590000000000030,101.717662510369000,2.938904315959700
MSC,PUJ1,C017,34.000000000000000,PEDESTAL DP,,533.190000000000050,101.717328704050000,2.939204978812910
MSC,PUJ1,C017,38.000000000000000,PEDESTAL DP,,423.069999999999990,101.715907593949000,2.939859944751510
MSC,PUJ1,C017,40.000000000000000,PEDESTAL DP,,323.889999999999990,101.715630590211010,2.938277393727860
MSC,PUJ1,C017,41.000000000000000,PEDESTAL DP,,402.199999999999990,101.716200703372000,2.938860984618000
MSC,PUJ1,C017,42.000000000000000,PEDESTAL DP,,396.810000000000000,101.716149453687000,2.938860865473400
MSC,PUJ1,C017,43.000000000000000,PEDESTAL DP,,333.509999999999990,101.715537002465990,2.938867170620870
MSC,PUJ1,C017,44.000000000000000,PEDESTAL DP,,328.269999999999980,101.715485752788990,2.938867051439360
MSC,PUJ1,C017,45.000000000000000,PEDESTAL DP,,378.949999999999990,101.715753709040000,2.939354613316690
MSC,PUJ1,C017,1.000000000000000,PEDESTAL DP,,250.360000000000010,101.714893774575000,2.936908902957720
MSC,PUJ1,C017,7.000000000000000,PEDESTAL DP,,302.990000000000010,101.714596834760000,2.935643203082660
MSC,PUJ1,C018,1.000000000000000,PEDESTAL DP,,775.789999999999960,101.715137498877000,2.931081102245820
MSC,PUJ1,C018,40.000000000000000,PEDESTAL DP,,469.860000000000010,101.712874922398000,2.933435506062520
MSC,PUJ1,C018,3.000000000000000,PEDESTAL DP,,814.450000000000050,101.716733725252990,2.931484460384000
MSC,PUJ1,C018,4.000000000000000,PEDESTAL DP,,815.070000000000050,101.716775293916000,2.931504755836970
MSC,PUJ1,C018,5.000000000000000,PEDESTAL DP,,849.750000000000000,101.718081107356000,2.932149824675770
MSC,PUJ1,C018,6.000000000000000,PEDESTAL DP,,765.320000000000050,101.717823808749000,2.932975940759080
MSC,PUJ1,C018,7.000000000000000,PEDESTAL DP,,765.259999999999990,101.717435804214010,2.932588374741330
MSC,PUJ1,C018,8.000000000000000,PEDESTAL DP,,766.289999999999960,101.717475928158000,2.932612995169430
MSC,PUJ1,C018,9.000000000000000,PEDESTAL DP,,693.299999999999950,101.717455896298010,2.933537771048620
MSC,PUJ1,C018,10.000000000000000,PEDESTAL DP,,694.759999999999990,101.717496017010010,2.933563834263180
MSC,PUJ1,C018,11.000000000000000,PEDESTAL DP,,662.559999999999950,101.716326636842000,2.932870026488080
MSC,PUJ1,C018,12.000000000000000,PEDESTAL DP,,664.009999999999990,101.716369650337000,2.932885996992920
MSC,PUJ1,C018,13.000000000000000,PEDESTAL DP,,597.570000000000050,101.715025317808000,2.932774664603330
MSC,PUJ1,C018,14.000000000000000,PEDESTAL DP,,601.080000000000040,101.715072701634000,2.932761789727130
MSC,PUJ1,C018,15.000000000000000,PEDESTAL DP,,621.630000000000000,101.715885776950000,2.933010394671640
MSC,PUJ1,C018,16.000000000000000,PEDESTAL DP,,581.110000000000010,101.715171149434000,2.933011619450220
MSC,PUJ1,C018,17.000000000000000,PEDESTAL DP,,723.240000000000010,101.716815246528000,2.932555192551510
MSC,PUJ1,C018,18.000000000000000,PEDESTAL DP,,696.590000000000030,101.715977864774000,2.932267576953630
MSC,PUJ1,C018,19.000000000000000,PEDESTAL DP,,698.250000000000000,101.716023761274000,2.932277783043290
MSC,PUJ1,C018,20.000000000000000,PEDESTAL DP,,629.880000000000000,101.714782319765010,2.932355693671820
MSC,PUJ1,C018,21.000000000000000,PEDESTAL DP,,633.669999999999960,101.714825414985000,2.932335594938220
MSC,PUJ1,C018,22.000000000000000,PEDESTAL DP,,737.600000000000020,101.716411604944990,2.932102664859340
MSC,PUJ1,C018,23.000000000000000,PEDESTAL DP,,681.059999999999950,101.715042947544010,2.931960977911090
MSC,PUJ1,C018,24.000000000000000,PEDESTAL DP,,683.720000000000030,101.715089600751990,2.931953872445630
MSC,PUJ1,C018,25.000000000000000,PEDESTAL DP,,708.669999999999960,101.712765745258000,2.931274690887410
MSC,PUJ1,C018,26.000000000000000,PEDESTAL DP,,713.210000000000040,101.712789515716000,2.931233627004270
MSC,PUJ1,C018,27.000000000000000,PEDESTAL DP,,708.159999999999970,101.712160820058000,2.931309352770900
MSC,PUJ1,C018,28.000000000000000,PEDESTAL DP,,766.950000000000050,101.713500849559000,2.930785856095360
MSC,PUJ1,C018,29.000000000000000,PEDESTAL DP,,724.759999999999990,101.713354361366000,2.931154866724740
MSC,PUJ1,C018,30.000000000000000,PEDESTAL DP,,729.710000000000040,101.713357332795000,2.931110147498800
MSC,PUJ1,C018,31.000000000000000,PEDESTAL DP,,638.070000000000050,101.713206235601010,2.931929294336020
MSC,PUJ1,C018,32.000000000000000,PEDESTAL DP,,766.200000000000050,101.713962752089000,2.930857626340930
MSC,PUJ1,C018,33.000000000000000,PEDESTAL DP,,651.929999999999950,101.713811911529010,2.931880205806930
MSC,PUJ1,C018,34.000000000000000,PEDESTAL DP,,656.880000000000000,101.713832096156000,2.931838412156650
MSC,PUJ1,C018,35.000000000000000,PEDESTAL DP,,758.340000000000030,101.714152641286010,2.930966276250840
MSC,PUJ1,C018,36.000000000000000,PEDESTAL DP,,600.419999999999960,101.713730511822010,2.932338820228040
MSC,PUJ1,C018,37.000000000000000,PEDESTAL DP,,605.080000000000040,101.713760014019000,2.932301376586630
MSC,PUJ1,C018,38.000000000000000,PEDESTAL DP,,492.500000000000000,101.712063053725000,2.933287895865900
MSC,PUJ1,C018,39.000000000000000,PEDESTAL DP,,491.509999999999990,101.712110404829010,2.933289448867620
MSC,PUJ1,C018,2.000000000000000,PEDESTAL DP,,775.659999999999970,101.715181943974000,2.931098518882420
MSC,SKT,C005,46.000000000000000,POLE-MOUNTED DP,,2537.909999999999900,101.737964928979000,2.832625475692050
MSC,SKT,C005,45.000000000000000,POLE-MOUNTED DP,,2423.429999999999800,101.737955676637000,2.831576868502520
MSC,SKT,C005,44.000000000000000,POLE-MOUNTED DP,,2359.619999999999900,101.737907186146000,2.830999512269470
MSC,SKT,C005,50.000000000000000,POLE-MOUNTED DP,,3016.980000000000000,101.738656853612000,2.836901698476100
MSC,SKT,C005,49.000000000000000,POLE-MOUNTED DP,,2643.349999999999900,101.739148471978000,2.833370672197010
MSC,SKT,C005,48.000000000000000,POLE-MOUNTED DP,,2631.809999999999900,101.738590585152000,2.833376387067840
MSC,SKT,C005,47.000000000000000,POLE-MOUNTED DP,,2620.250000000000000,101.737995676759000,2.833375034614240
MSC,SKT,C008,1.000000000000000,POLE-MOUNTED DP,G01,3614.000000000000000,101.749352526161000,2.839099350735300
MSC,SKT,C008,5.000000000000000,POLE-MOUNTED DP,G01,3488.000000000000000,101.751068862227000,2.836764035255390
MSC,SKT,C008,14.000000000000000,POLE-MOUNTED DP,G01,3394.000000000000000,101.748062524026000,2.837534795490530
MSC,SKT,C008,3.000000000000000,POLE-MOUNTED DP,G01,3502.000000000000000,101.751554402419000,2.836598750049270
MSC,SKT,C008,10.000000000000000,POLE-MOUNTED DP,G01,3508.000000000000000,101.748345527065000,2.838550182360020
MSC,SKT,C008,7.000000000000000,POLE-MOUNTED DP,G01,3606.000000000000000,101.748268163199000,2.839573037386510
MSC,SKT,C008,2.000000000000000,POLE-MOUNTED DP,G01,3562.000000000000000,101.749326579273000,2.838580844934760
MSC,SKT,C008,17.000000000000000,POLE-MOUNTED DP,G01,3252.000000000000000,101.747992094004000,2.836122861741760
MSC,SKT,C008,18.000000000000000,POLE-MOUNTED DP,G01,3210.000000000000000,101.748159062642000,2.835589771807190
MSC,SKT,C008,6.000000000000000,POLE-MOUNTED DP,G01,3635.000000000000000,101.747828083576000,2.840081643144230
MSC,SKT,C008,15.000000000000000,POLE-MOUNTED DP,G01,3293.000000000000000,101.748232460138000,2.836410591752100
MSC,SKT,C008,13.000000000000000,POLE-MOUNTED DP,G01,3438.000000000000000,101.747917596558000,2.838056658144010
MSC,SKT,C008,11.000000000000000,POLE-MOUNTED DP,G01,3491.000000000000000,101.747991709473990,2.838552817750380
MSC,SKT,C008,12.000000000000000,POLE-MOUNTED DP,G01,3461.000000000000000,101.748377384934000,2.838055980921430
MSC,SKT,C008,4.000000000000000,POLE-MOUNTED DP,G01,3469.000000000000000,101.751483802335000,2.836283170446990
MSC,SKT,C008,8.000000000000000,POLE-MOUNTED DP,G01,3596.000000000000000,101.748064761313000,2.839570858500210
MSC,SKT,C008,16.000000000000000,POLE-MOUNTED DP,G01,3277.000000000000000,101.748487810033000,2.836106783063480
MSC,SKT,C008,9.000000000000000,POLE-MOUNTED DP,G01,3558.000000000000000,101.748317040919010,2.839065182523140
MSC,SKT,C023,29.000000000000000,PEDESTAL DP,G01,5193.000000000000000,101.689610900317010,2.824660457769440
MSC,SKT,C023,32.000000000000000,PEDESTAL DP,G01,5140.000000000000000,101.690125188680990,2.824694669472140
MSC,SKT,C023,36.000000000000000,PEDESTAL DP,G01,5080.000000000000000,101.690886418470000,2.825264658057670
MSC,SKT,C023,37.000000000000000,PEDESTAL DP,G01,5127.000000000000000,101.690438303547000,2.825266918451750
MSC,SKT,C023,18.000000000000000,PEDESTAL DP,G01,5521.000000000000000,101.687197483442010,2.825872345645840
MSC,SKT,C023,12.000000000000000,PEDESTAL DP,G01,5497.000000000000000,101.687164830309000,2.825263887563420
MSC,SKT,C023,8.000000000000000,PEDESTAL DP,G01,5377.000000000000000,101.687769494129990,2.824655789980410
MSC,SKT,C023,13.000000000000000,PEDESTAL DP,G01,5347.000000000000000,101.688340574037000,2.825219541366780
MSC,SKT,C023,4.000000000000000,PEDESTAL DP,G01,5543.000000000000000,101.686442593620000,2.824692721183240
MSC,SKT,C023,23.000000000000000,PEDESTAL DP,G01,5439.000000000000000,101.687835278581010,2.826320986199080
MSC,SKT,C023,33.000000000000000,PEDESTAL DP,G01,5301.000000000000000,101.688776479088010,2.825211646720140
MSC,SKT,C023,19.000000000000000,PEDESTAL DP,G01,5374.000000000000000,101.688154644845990,2.825812488587710
MSC,SKT,C023,14.000000000000000,PEDESTAL DP,G01,5396.000000000000000,101.687881267582000,2.825223429463470
MSC,SKT,C023,24.000000000000000,PEDESTAL DP,G01,5250.000000000000000,101.688935045087010,2.824211250919530
MSC,SKT,C023,34.000000000000000,PEDESTAL DP,G01,5253.000000000000000,101.689222940510010,2.825212684096270
MSC,SKT,C023,2.000000000000000,PEDESTAL DP,G01,5435.000000000000000,101.687096621170990,2.824220606153950
MSC,SKT,C023,20.000000000000000,PEDESTAL DP,G01,5408.000000000000000,101.687749993182000,2.825816150903900
MSC,SKT,C023,7.000000000000000,PEDESTAL DP,G01,5328.000000000000000,101.688223413924010,2.824663446745700
MSC,SKT,C023,22.000000000000000,PEDESTAL DP,G01,5566.000000000000000,101.686636599401000,2.826357527899040
MSC,SKT,C023,11.000000000000000,PEDESTAL DP,G01,5528.000000000000000,101.686751530630000,2.825254072899500
MSC,SKT,C023,5.000000000000000,PEDESTAL DP,G01,5510.000000000000000,101.686829541593990,2.824698567905360
MSC,SKT,C023,3.000000000000000,PEDESTAL DP,G01,5335.000000000000000,101.688135789760000,2.824214249914030
MSC,SKT,C023,27.000000000000000,PEDESTAL DP,G01,5265.000000000000000,101.688934724055000,2.824658923113500
MSC,SKT,C023,31.000000000000000,PEDESTAL DP,G01,5111.000000000000000,101.690399273010000,2.824693650979120
MSC,SKT,C023,39.000000000000000,PEDESTAL DP,G01,5148.000000000000000,101.690419068481010,2.825786532115940
MSC,SKT,C023,17.000000000000000,PEDESTAL DP,G01,5556.000000000000000,101.686780510979010,2.825863896970400
MSC,SKT,C023,10.000000000000000,PEDESTAL DP,G01,5577.000000000000000,101.686330863162990,2.825253085306160
MSC,SKT,C023,1.000000000000000,PEDESTAL DP,G01,5512.000000000000000,101.686483937597000,2.824228432618880
MSC,SKT,C023,26.000000000000000,PEDESTAL DP,G01,5080.000000000000000,101.690540276359000,2.824208377399290
MSC,SKT,C023,40.000000000000000,PEDESTAL DP,G01,5273.000000000000000,101.689213689534990,2.825747405064660
MSC,SKT,C023,35.000000000000000,PEDESTAL DP,G01,5206.000000000000000,101.689672701117000,2.825210428099680
MSC,SKT,C023,16.000000000000000,PEDESTAL DP,G01,5591.000000000000000,101.686375196110010,2.825862610433050
MSC,SKT,C023,9.000000000000000,PEDESTAL DP,G01,5436.000000000000000,101.687500884055000,2.825229761682250
MSC,SKT,C023,6.000000000000000,PEDESTAL DP,G01,5478.000000000000000,101.687175078891000,2.824702165859150
MSC,SKT,C023,30.000000000000000,PEDESTAL DP,G01,5067.000000000000000,101.690822683013000,2.824702890588850
MSC,SKT,C023,28.000000000000000,PEDESTAL DP,G01,5237.000000000000000,101.689203873084000,2.824662844735010
MSC,SKT,C023,38.000000000000000,PEDESTAL DP,G01,5159.000000000000000,101.690139558526990,2.825267879642090
MSC,SKT,C023,25.000000000000000,PEDESTAL DP,G01,5170.000000000000000,101.689687467984000,2.824201441350320
MSC,SKT,C024,38.000000000000000,PEDESTAL DP,,5199.399999999999600,101.690938144339000,2.827786369943920
MSC,SKT,C024,37.000000000000000,PEDESTAL DP,,5175.720000000000300,101.691170129285000,2.827790723162620
MSC,SKT,C024,36.000000000000000,PEDESTAL DP,,5151.930000000000300,101.691400375385000,2.827787902522670
MSC,SKT,C024,35.000000000000000,PEDESTAL DP,,5213.840000000000100,101.691015452521000,2.828313780319370
MSC,SKT,C024,34.000000000000000,PEDESTAL DP,,5171.229999999999600,101.691429229887010,2.828308030662630
MSC,SKT,C027,40.000000000000000,PEDESTAL DP,G01,3735.000000000000000,101.703907941913000,2.825223165323540
MSC,SKT,C027,6.000000000000000,PEDESTAL DP,G01,3986.000000000000000,101.702985538220010,2.828211779926090
MSC,SKT,C027,30.000000000000000,PEDESTAL DP,G01,3809.000000000000000,101.703046599743000,2.824830195472420
MSC,SKT,C027,24.000000000000000,PEDESTAL DP,G01,3837.000000000000000,101.703919079288990,2.827265586488520
MSC,SKT,C027,12.000000000000000,PEDESTAL DP,G01,3838.000000000000000,101.704280397740010,2.827731458849440
MSC,SKT,C027,4.000000000000000,PEDESTAL DP,G01,3887.000000000000000,101.704031348363000,2.828209171022600
MSC,SKT,C027,26.000000000000000,PEDESTAL DP,G01,3616.000000000000000,101.705095305309000,2.825104497098280
MSC,SKT,C027,16.000000000000000,PEDESTAL DP,G01,3939.000000000000000,101.703320111150010,2.827727288668830
MSC,SKT,C027,20.000000000000000,PEDESTAL DP,G01,3733.000000000000000,101.705243644251000,2.827263108399900
MSC,SKT,C027,38.000000000000000,PEDESTAL DP,G01,3780.000000000000000,101.703463956222000,2.825264346131590
MSC,SKT,C027,13.000000000000000,PEDESTAL DP,G01,3864.000000000000000,101.703916404704000,2.827735004737670
MSC,SKT,C027,15.000000000000000,PEDESTAL DP,G01,3604.000000000000000,101.705087821169000,2.824856953178720
MSC,SKT,C027,19.000000000000000,PEDESTAL DP,G01,3538.000000000000000,101.705866016989010,2.825074116033330
MSC,SKT,C027,18.000000000000000,PEDESTAL DP,G01,3682.000000000000000,101.705568425710000,2.827251052107460
MSC,SKT,C027,23.000000000000000,PEDESTAL DP,G01,3812.000000000000000,101.704282625131000,2.827252851433100
MSC,SKT,C027,17.000000000000000,PEDESTAL DP,G01,3962.000000000000000,101.702987294874010,2.827732859555300
MSC,SKT,C027,32.000000000000000,PEDESTAL DP,G01,3756.000000000000000,101.703691511276010,2.824757944241380
MSC,SKT,C027,2.000000000000000,EXTERNAL DP,G01,3780.000000000000000,101.705136556954000,2.828204961666350
MSC,SKT,C027,10.000000000000000,PEDESTAL DP,G01,3779.000000000000000,101.704863075164990,2.827733070254140
MSC,SKT,C027,8.000000000000000,PEDESTAL DP,G01,3742.000000000000000,101.705248624209010,2.827734430030460
MSC,SKT,C027,9.000000000000000,PEDESTAL DP,G01,3903.000000000000000,101.703567709837000,2.827734633841310
MSC,SKT,C027,11.000000000000000,PEDESTAL DP,G01,3810.000000000000000,101.704638497022000,2.827733198648410
MSC,SKT,C027,28.000000000000000,PEDESTAL DP,G01,3940.000000000000000,101.702990792966010,2.827265387659550
MSC,SKT,C027,37.000000000000000,PEDESTAL DP,G01,3810.000000000000000,101.703082960194000,2.825306513173810
MSC,SKT,C027,31.000000000000000,PEDESTAL DP,G01,3785.000000000000000,101.703397967136000,2.824789452172530
MSC,SKT,C027,25.000000000000000,PEDESTAL DP,G01,3861.000000000000000,101.703573415462000,2.827261225456720
MSC,SKT,C027,22.000000000000000,PEDESTAL DP,G01,3784.000000000000000,101.704642552314000,2.827257543548130
MSC,SKT,C027,3.000000000000000,PEDESTAL DP,G01,3828.000000000000000,101.704632785677010,2.828205359218750
MSC,SKT,C027,14.000000000000000,PEDESTAL DP,G01,3528.000000000000000,101.705856899465000,2.824848959743690
MSC,SKT,C027,5.000000000000000,PEDESTAL DP,G01,3938.000000000000000,101.703429639533000,2.828203780161030
MSC,SKT,C027,34.000000000000000,PEDESTAL DP,G01,3710.000000000000000,101.704018814349990,2.824719948610670
MSC,SKT,C027,21.000000000000000,PEDESTAL DP,G01,3761.000000000000000,101.704862083405000,2.827252063354390
MSC,SKT,C027,1.000000000000000,PEDESTAL DP,G01,3740.000000000000000,101.705567095557000,2.828223132838500
MSC,SKT,C027,7.000000000000000,PEDESTAL DP,G01,3709.000000000000000,101.705569001639010,2.827735164547560
MSC,SKT,C027,27.000000000000000,PEDESTAL DP,G01,3915.000000000000000,101.703214558030990,2.827260794839890
MSC,SKT,C027,39.000000000000000,PEDESTAL DP,G01,3758.000000000000000,101.703684633183000,2.825249002404820
MSC,SKT,C027,29.000000000000000,PEDESTAL DP,G01,3832.000000000000000,101.702811424849000,2.824861629954820
MSC,SKT,C027,35.000000000000000,PEDESTAL DP,G01,3856.000000000000000,101.702861604530000,2.825331712477270
MSC,SKT,C035,3.000000000000000,POLE-MOUNTED DP,G01,2137.000000000000000,101.725669275746000,2.827634049847720
MSC,SKT,C035,26.000000000000000,POLE-MOUNTED DP,G01,1945.000000000000000,101.727963450030000,2.826736852780250
MSC,SKT,C035,25.000000000000000,POLE-MOUNTED DP,G01,1973.000000000000000,101.727837710857000,2.826958139347850
MSC,SKT,C035,35.000000000000000,POLE-MOUNTED DP,G01,2007.000000000000000,101.728196779216010,2.827418800384880
MSC,SKT,C035,12.000000000000000,POLE-MOUNTED DP,G01,2003.000000000000000,101.726215893874990,2.826557211431870
MSC,SKT,C035,20.000000000000000,POLE-MOUNTED DP,G01,1853.000000000000000,101.727308567930000,2.825568526873070
MSC,SKT,C035,23.000000000000000,POLE-MOUNTED DP,G01,1861.000000000000000,101.728202407926010,2.826019556202830
MSC,SKT,C035,24.000000000000000,POLE-MOUNTED DP,G01,1992.000000000000000,101.727757476709000,2.827112183198240
MSC,SKT,C035,37.000000000000000,POLE-MOUNTED DP,G01,1861.000000000000000,101.728804039151000,2.826232853237500
MSC,SKT,C035,29.000000000000000,POLE-MOUNTED DP,G01,1992.000000000000000,101.728718941848000,2.827450188158860
MSC,SKT,C035,28.000000000000000,POLE-MOUNTED DP,G01,2036.000000000000000,101.728549696117000,2.827814741462530
MSC,SKT,C035,5.000000000000000,POLE-MOUNTED DP,G01,2137.000000000000000,101.726229580132000,2.827900095132490
MSC,SKT,C035,14.000000000000000,POLE-MOUNTED DP,G01,2005.000000000000000,101.726793956606000,2.826845272348470
MSC,SKT,C035,22.000000000000000,POLE-MOUNTED DP,G01,1859.000000000000000,101.727941402646000,2.825892976236060
MSC,SKT,C035,39.000000000000000,POLE-MOUNTED DP,G01,1920.000000000000000,101.728543868749000,2.826705801874840
MSC,SKT,C035,32.000000000000000,POLE-MOUNTED DP,G01,1907.000000000000000,101.729089735849000,2.826754624950470
MSC,SKT,C035,7.000000000000000,POLE-MOUNTED DP,G01,2102.000000000000000,101.727046798215990,2.827904647780450
MSC,SKT,C035,9.000000000000000,POLE-MOUNTED DP,G01,1935.000000000000000,101.726032127526000,2.825779742665150
MSC,SKT,C035,8.000000000000000,POLE-MOUNTED DP,G01,1913.000000000000000,101.726034783608990,2.825556104360400
MSC,SKT,C035,15.000000000000000,POLE-MOUNTED DP,G01,2007.000000000000000,101.727035531290990,2.826969637884790
MSC,SKT,C035,11.000000000000000,POLE-MOUNTED DP,G01,1936.000000000000000,101.726547628986000,2.826043641243860
MSC,SKT,C035,13.000000000000000,POLE-MOUNTED DP,G01,2003.000000000000000,101.726504935189000,2.826694726140420
MSC,SKT,C035,1.000000000000000,POLE-MOUNTED DP,G01,2143.000000000000000,101.725100843960010,2.827407234296870
MSC,SKT,C035,38.000000000000000,POLE-MOUNTED DP,G01,1885.000000000000000,101.728691327807000,2.826423747517050
MSC,SKT,C035,36.000000000000000,POLE-MOUNTED DP,G01,1961.000000000000000,101.728404915127000,2.827045654228910
MSC,SKT,C035,30.000000000000000,POLE-MOUNTED DP,G01,1969.000000000000000,101.728827327384000,2.827259283998320
MSC,SKT,C035,33.000000000000000,POLE-MOUNTED DP,G01,1936.000000000000000,101.728966125787000,2.826993289067790
MSC,SKT,C035,4.000000000000000,POLE-MOUNTED DP,G01,2073.000000000000000,101.726233671855990,2.827265760874650
MSC,SKT,C035,10.000000000000000,POLE-MOUNTED DP,G01,1913.000000000000000,101.726548140959000,2.825813486717860
MSC,SKT,C035,16.000000000000000,POLE-MOUNTED DP,G01,1851.000000000000000,101.726137359829000,2.824972837595990
MSC,SKT,C035,6.000000000000000,POLE-MOUNTED DP,G01,2060.000000000000000,101.726767326968000,2.827374488389040
MSC,SKT,C035,19.000000000000000,POLE-MOUNTED DP,G01,1852.000000000000000,101.727000125157010,2.825415766168460
MSC,SKT,C035,2.000000000000000,POLE-MOUNTED DP,G01,2084.000000000000000,101.725656554531000,2.827094416437130
MSC,SKT,C035,27.000000000000000,POLE-MOUNTED DP,G01,1898.000000000000000,101.728156472859990,2.826357151889820
MSC,SKT,C035,34.000000000000000,POLE-MOUNTED DP,G01,2030.000000000000000,101.728084082035000,2.827603183313680
MSC,SKT,C035,31.000000000000000,POLE-MOUNTED DP,G01,1872.000000000000000,101.729239357438000,2.826474745826740
MSC,SKT,C035,17.000000000000000,POLE-MOUNTED DP,G01,1850.000000000000000,101.726428553701990,2.825116868355810
MSC,SKT,C035,21.000000000000000,POLE-MOUNTED DP,G01,1856.000000000000000,101.727639430278000,2.825742400872860
MSC,SKT,C035,18.000000000000000,POLE-MOUNTED DP,G01,1850.000000000000000,101.726713272212000,2.825260884266040
